                                      1 ;--------------------------------------------------------
                                      2 ; File Created by SDCC : free open source ISO C Compiler
                                      3 ; Version 4.6.0 #16555 (Mac OS X ppc)
                                      4 ;--------------------------------------------------------
                                      5 	.module smram
                                      6 	
                                      7 	.optsdcc -mz80 sdcccall(1)
                                      8 ;--------------------------------------------------------
                                      9 ; Public variables in this module
                                     10 ;--------------------------------------------------------
                                     11 	.globl _main
                                     12 	.globl _print_mapper_type
                                     13 	.globl _runROM_Reset_end
                                     14 	.globl _runROM_Reset
                                     15 	.globl _runROM_page3_end
                                     16 	.globl _runROM_page3
                                     17 	.globl _runROM_page2_end
                                     18 	.globl _runROM_page2
                                     19 	.globl _runROM_page0_end
                                     20 	.globl _runROM_page0
                                     21 	.globl _runROM_page1_end
                                     22 	.globl _runROM_page1
                                     23 	.globl _jump
                                     24 	.globl _hexToNum
                                     25 	.globl _dos2_getenv
                                     26 	.globl _dos2_read
                                     27 	.globl _dos2_close
                                     28 	.globl _dos2_open
                                     29 	.globl _chgcpu
                                     30 	.globl _rdslt
                                     31 	.globl _enaslt
                                     32 	.globl _to_upper
                                     33 	.globl _fputs
                                     34 	.globl _bdos_c_rawio
                                     35 	.globl _bdos_c_write
                                     36 	.globl _bdos
                                     37 	.globl _printf
                                     38 	.globl _opll_vol
                                     39 	.globl _psg_vol
                                     40 	.globl _scc_vol
                                     41 	.globl _help
                                     42 	.globl _loadpage
                                     43 	.globl _startpage
                                     44 	.globl _cpumode
                                     45 	.globl _breakpointAddressSpecified
                                     46 	.globl _stepDebug
                                     47 	.globl _exitAfterLoad
                                     48 	.globl _linearHeaderValid
                                     49 	.globl _headerValid
                                     50 	.globl _mapperSpecified
                                     51 	.globl _softReset
                                     52 	.globl _presAB
                                     53 	.globl _paramlen
                                     54 	.globl _megaram_type
                                     55 	.globl _filename
                                     56 	.globl _found
                                     57 	.globl _c
                                     58 	.globl _linearRomstart
                                     59 	.globl _breakpointAddress
                                     60 	.globl _romstart
                                     61 	.globl _path
                                     62 	.globl _slotid
                                     63 	.globl _romsize
                                     64 	.globl _page
                                     65 	.globl _addr
                                     66 	.globl _i
                                     67 	.globl _bytes_read
                                     68 	.globl _handle
                                     69 	.globl _params
                                     70 	.globl _t
                                     71 	.globl _s
                                     72 	.globl _b
                                     73 	.globl _sslt
                                     74 	.globl _cursslt
                                     75 	.globl _curslt
                                     76 	.globl _putchar
                                     77 	.globl _getchar
                                     78 ;--------------------------------------------------------
                                     79 ; special function registers
                                     80 ;--------------------------------------------------------
                         0000008E    81 _MEGA_PORT0	=	0x008e
                         0000008F    82 _MEGA_PORT1	=	0x008f
                         000000A8    83 _PPIA	=	0x00a8
                                     84 ;--------------------------------------------------------
                                     85 ; ram data
                                     86 ;--------------------------------------------------------
                                     87 	.area _DATA
    00000000                         88 _curslt::
    00000000                         89 	.ds 1
    00000001                         90 _cursslt::
    00000001                         91 	.ds 1
    00000002                         92 _sslt::
    00000002                         93 	.ds 1
    00000003                         94 _b::
    00000003                         95 	.ds 1
    00000004                         96 _s::
    00000004                         97 	.ds 2
    00000006                         98 _t::
    00000006                         99 	.ds 2
    00000008                        100 _params::
    00000008                        101 	.ds 2
    0000000A                        102 _handle::
    0000000A                        103 	.ds 1
    0000000B                        104 _bytes_read::
    0000000B                        105 	.ds 2
    0000000D                        106 _i::
    0000000D                        107 	.ds 2
    0000000F                        108 _addr::
    0000000F                        109 	.ds 2
    00000011                        110 _page::
    00000011                        111 	.ds 1
    00000012                        112 _romsize::
    00000012                        113 	.ds 4
    00000016                        114 _slotid::
    00000016                        115 	.ds 1
    00000017                        116 _path::
    00000017                        117 	.ds 256
    00000117                        118 _romstart::
    00000117                        119 	.ds 2
    00000119                        120 _breakpointAddress::
    00000119                        121 	.ds 2
    0000011B                        122 _linearRomstart::
    0000011B                        123 	.ds 2
    0000011D                        124 _c::
    0000011D                        125 	.ds 1
                                    126 ;--------------------------------------------------------
                                    127 ; ram data
                                    128 ;--------------------------------------------------------
                                    129 	.area _INITIALIZED
    00000000                        130 _found::
    00000000                        131 	.ds 1
    00000001                        132 _filename::
    00000001                        133 	.ds 2
    00000003                        134 _megaram_type::
    00000003                        135 	.ds 2
    00000005                        136 _paramlen::
    00000005                        137 	.ds 1
    00000006                        138 _presAB::
    00000006                        139 	.ds 1
    00000007                        140 _softReset::
    00000007                        141 	.ds 1
    00000008                        142 _mapperSpecified::
    00000008                        143 	.ds 1
    00000009                        144 _headerValid::
    00000009                        145 	.ds 1
    0000000A                        146 _linearHeaderValid::
    0000000A                        147 	.ds 1
    0000000B                        148 _exitAfterLoad::
    0000000B                        149 	.ds 1
    0000000C                        150 _stepDebug::
    0000000C                        151 	.ds 1
    0000000D                        152 _breakpointAddressSpecified::
    0000000D                        153 	.ds 1
    0000000E                        154 _cpumode::
    0000000E                        155 	.ds 1
    0000000F                        156 _startpage::
    0000000F                        157 	.ds 1
    00000010                        158 _loadpage::
    00000010                        159 	.ds 1
    00000011                        160 _help::
    00000011                        161 	.ds 1
    00000012                        162 _scc_vol::
    00000012                        163 	.ds 1
    00000013                        164 _psg_vol::
    00000013                        165 	.ds 1
    00000014                        166 _opll_vol::
    00000014                        167 	.ds 1
                                    168 ;--------------------------------------------------------
                                    169 ; absolute ram data
                                    170 ;--------------------------------------------------------
                                    171 	.area _DABS (ABS)
                                    172 	.area _DABS (ABS)
                                    173 ;--------------------------------------------------------
                                    174 ; global & static initialisations
                                    175 ;--------------------------------------------------------
                                    176 	.area _HOME
                                    177 	.area _GSINIT
                                    178 	.area _GSFINAL
                                    179 	.area _GSINIT
                                    180 ;--------------------------------------------------------
                                    181 ; Home
                                    182 ;--------------------------------------------------------
                                    183 	.area _HOME
                                    184 	.area _HOME
                                    185 ;--------------------------------------------------------
                                    186 ; code
                                    187 ;--------------------------------------------------------
                                    188 	.area _CODE
                                    189 ;smram.c:45: void bdos() __naked
                                    190 ;	---------------------------------
                                    191 ; Function bdos
                                    192 ; ---------------------------------
    00000000                        193 _bdos::
                                    194 ;smram.c:54: __endasm;
    00000000 DD E5            [15]  195 	push ix
    00000002 FD E5            [15]  196 	push iy
    00000004 CD 05 00         [17]  197 	call 5
    00000007 FD E1            [14]  198 	pop iy
    00000009 DD E1            [14]  199 	pop ix
    0000000B C9               [10]  200 	ret
                                    201 ;smram.c:55: }
                                    202 ;smram.c:57: void bdos_c_write(uchar c) __naked
                                    203 ;	---------------------------------
                                    204 ; Function bdos_c_write
                                    205 ; ---------------------------------
    0000000C                        206 _bdos_c_write::
                                    207 ;smram.c:67: __endasm;
    0000000C 5F               [ 4]  208 	ld e,a
    0000000D 0E 02            [ 7]  209 	ld c,#2
    0000000F CDr00r00         [17]  210 	call _bdos
    00000012 C9               [10]  211 	ret
                                    212 ;smram.c:68: }
                                    213 ;smram.c:70: uchar bdos_c_rawio() __naked
                                    214 ;	---------------------------------
                                    215 ; Function bdos_c_rawio
                                    216 ; ---------------------------------
    00000013                        217 _bdos_c_rawio::
                                    218 ;smram.c:79: __endasm;
    00000013 1E FF            [ 7]  219 	ld e,#0xFF;
    00000015 0E 06            [ 7]  220 	ld c,#6
    00000017 CDr00r00         [17]  221 	call _bdos
    0000001A C9               [10]  222 	ret
                                    223 ;smram.c:80: }
                                    224 ;smram.c:82: int putchar(int c) 
                                    225 ;	---------------------------------
                                    226 ; Function putchar
                                    227 ; ---------------------------------
    0000001B                        228 _putchar::
    0000001B EB               [ 4]  229 	ex	de, hl
                                    230 ;smram.c:84: if (c >= 0)
    0000001C CB 7A            [ 8]  231 	bit	7, d
    0000001E C0               [11]  232 	ret	nz
                                    233 ;smram.c:85: bdos_c_write((char)c);
    0000001F 7B               [ 4]  234 	ld	a, e
    00000020 D5               [11]  235 	push	de
    00000021 CDr0Cr00         [17]  236 	call	_bdos_c_write
    00000024 D1               [10]  237 	pop	de
                                    238 ;smram.c:86: return c;
                                    239 ;smram.c:87: }
    00000025 C9               [10]  240 	ret
                                    241 ;smram.c:89: int getchar()
                                    242 ;	---------------------------------
                                    243 ; Function getchar
                                    244 ; ---------------------------------
    00000026                        245 _getchar::
                                    246 ;smram.c:92: do {
    00000026                        247 00101$:
                                    248 ;smram.c:93: c = bdos_c_rawio();
    00000026 CDr13r00         [17]  249 	call	_bdos_c_rawio
    00000029 5F               [ 4]  250 	ld	e, a
                                    251 ;smram.c:94: } while(c == 0);
    0000002A B7               [ 4]  252 	or	a, a
    0000002B 28 F9            [12]  253 	jr	z, 00101$
                                    254 ;smram.c:95: return (int)c;
    0000002D 16 00            [ 7]  255 	ld	d, #0x00
                                    256 ;smram.c:96: }
    0000002F C9               [10]  257 	ret
                                    258 ;smram.c:98: void fputs(const char *s)
                                    259 ;	---------------------------------
                                    260 ; Function fputs
                                    261 ; ---------------------------------
    00000030                        262 _fputs::
                                    263 ;smram.c:100: while(*s != NULL)
    00000030                        264 00101$:
    00000030 7E               [ 7]  265 	ld	a, (hl)
    00000031 B7               [ 4]  266 	or	a, a
    00000032 C8               [11]  267 	ret	z
                                    268 ;smram.c:101: putchar(*s++);
    00000033 23               [ 6]  269 	inc	hl
    00000034 0E 00            [ 7]  270 	ld	c, #0x00
    00000036 E5               [11]  271 	push	hl
    00000037 6F               [ 4]  272 	ld	l, a
    00000038 61               [ 4]  273 	ld	h, c
    00000039 CDr1Br00         [17]  274 	call	_putchar
    0000003C E1               [10]  275 	pop	hl
                                    276 ;smram.c:102: }
    0000003D 18 F1            [12]  277 	jr	00101$
                                    278 ;smram.c:104: char to_upper(char c)
                                    279 ;	---------------------------------
                                    280 ; Function to_upper
                                    281 ; ---------------------------------
    0000003F                        282 _to_upper::
                                    283 ;smram.c:106: if (c >= 'a' && c <= 'z')
    0000003F FE 61            [ 7]  284 	cp	a, #0x61
    00000041 D8               [11]  285 	ret	c
    00000042 FE 7B            [ 7]  286 	cp	a, #0x7b
    00000044 D0               [11]  287 	ret	nc
                                    288 ;smram.c:107: c = c - ('a'-'A');
    00000045 C6 E0            [ 7]  289 	add	a, #0xe0
                                    290 ;smram.c:108: return c;
                                    291 ;smram.c:109: }
    00000047 C9               [10]  292 	ret
                                    293 ;smram.c:111: void enaslt(uchar slotid, uint addr) __naked
                                    294 ;	---------------------------------
                                    295 ; Function enaslt
                                    296 ; ---------------------------------
    00000048                        297 _enaslt::
                                    298 ;smram.c:133: __endasm;
    00000048 F5               [11]  299 	push af
    00000049 C5               [11]  300 	push bc
    0000004A D5               [11]  301 	push de
    0000004B E5               [11]  302 	push hl
    0000004C DD E5            [15]  303 	push ix
    0000004E FD E5            [15]  304 	push iy
    00000050 EB               [ 4]  305 	ex de,hl
    00000051 CD 24 00         [17]  306 	call #0x0024
    00000054 FD E1            [14]  307 	pop iy
    00000056 DD E1            [14]  308 	pop ix
    00000058 E1               [10]  309 	pop hl
    00000059 D1               [10]  310 	pop de
    0000005A C1               [10]  311 	pop bc
    0000005B F1               [10]  312 	pop af
    0000005C C9               [10]  313 	ret
                                    314 ;smram.c:134: }
                                    315 ;smram.c:136: uchar rdslt(uchar slotid, uint addr) __naked
                                    316 ;	---------------------------------
                                    317 ; Function rdslt
                                    318 ; ---------------------------------
    0000005D                        319 _rdslt::
                                    320 ;smram.c:151: __endasm;
    0000005D C5               [11]  321 	push bc
    0000005E D5               [11]  322 	push de
    0000005F EB               [ 4]  323 	ex de,hl
    00000060 CD 0C 00         [17]  324 	call #0x000C
    00000063 EB               [ 4]  325 	ex de,hl
    00000064 D1               [10]  326 	pop de
    00000065 C1               [10]  327 	pop bc
    00000066 C9               [10]  328 	ret
                                    329 ;smram.c:152: }
                                    330 ;smram.c:154: void chgcpu(uchar mode) __naked
                                    331 ;	---------------------------------
                                    332 ; Function chgcpu
                                    333 ; ---------------------------------
    00000067                        334 _chgcpu::
                                    335 ;smram.c:184: __endasm;
    00000067 C5               [11]  336 	push bc
    00000068 D5               [11]  337 	push de
    00000069 F5               [11]  338 	push af
    0000006A 3A C1 FC         [13]  339 	ld a,(0xFCC1)
    0000006D 21 80 01         [10]  340 	ld hl,#0x0180
    00000070 CD 0C 00         [17]  341 	call #0x000C
    00000073 FE C3            [ 7]  342 	cp #0xC3
    00000075 20 0E            [12]  343 	jr nz,__no_turbo
    00000077 78               [ 4]  344 	ld a,b
    00000078 F1               [10]  345 	pop af
    00000079 FD 2A C0 FC      [20]  346 	ld iy,(0xFCC1 -1)
    0000007D DD 21 80 01      [14]  347 	ld ix,#0x0180
    00000081 CD 1C 00         [17]  348 	call #0x001C
    00000084 F5               [11]  349 	push af
    00000085                        350 __no_turbo:
    00000085 F1               [10]  351 	pop af
    00000086 D1               [10]  352 	pop de
    00000087 C1               [10]  353 	pop bc
    00000088 C9               [10]  354 	ret
                                    355 ;smram.c:185: }
                                    356 ;smram.c:202: FHANDLE dos2_open(uchar mode, const char* filepath) __naked
                                    357 ;	---------------------------------
                                    358 ; Function dos2_open
                                    359 ; ---------------------------------
    00000089                        360 _dos2_open::
                                    361 ;smram.c:220: __endasm;
    00000089 C5               [11]  362 	push bc
    0000008A D5               [11]  363 	push de
    0000008B E5               [11]  364 	push hl
    0000008C 0E 43            [ 7]  365 	ld c,#0x43
    0000008E CD 05 00         [17]  366 	call 5
    00000091 B7               [ 4]  367 	or a
    00000092 28 02            [12]  368 	jr z,__open_no_err
    00000094 06 00            [ 7]  369 	ld b,#0
    00000096                        370 __open_no_err:
    00000096 78               [ 4]  371 	ld a,b
    00000097 E1               [10]  372 	pop hl
    00000098 D1               [10]  373 	pop de
    00000099 C1               [10]  374 	pop bc
    0000009A C9               [10]  375 	ret
                                    376 ;smram.c:221: }
                                    377 ;smram.c:223: void dos2_close(FHANDLE hnd) __naked
                                    378 ;	---------------------------------
                                    379 ; Function dos2_close
                                    380 ; ---------------------------------
    0000009B                        381 _dos2_close::
                                    382 ;smram.c:233: __endasm;
    0000009B C5               [11]  383 	push bc
    0000009C 78               [ 4]  384 	ld a,b
    0000009D 0E 45            [ 7]  385 	ld c,#0x45
    0000009F CD 05 00         [17]  386 	call 5
    000000A2 C1               [10]  387 	pop bc
    000000A3 C9               [10]  388 	ret
                                    389 ;smram.c:234: }
                                    390 ;smram.c:236: uint dos2_read(FHANDLE hnd, void *dst, uint size) __naked
                                    391 ;	---------------------------------
                                    392 ; Function dos2_read
                                    393 ; ---------------------------------
    000000A4                        394 _dos2_read::
                                    395 ;smram.c:256: __endasm;	
    000000A4 DD E5            [15]  396 	push ix
    000000A6 DD 21 00 00      [14]  397 	ld ix,#0
    000000AA DD 39            [15]  398 	add ix,sp
    000000AC C5               [11]  399 	push bc
    000000AD 47               [ 4]  400 	ld b,a
    000000AE DD 6E 04         [19]  401 	ld l, 4 (ix)
    000000B1 DD 66 05         [19]  402 	ld h, 5 (ix)
    000000B4 0E 48            [ 7]  403 	ld c,#0x48
    000000B6 CD 05 00         [17]  404 	call 5
    000000B9 C1               [10]  405 	pop bc
    000000BA DD E1            [14]  406 	pop ix
    000000BC EB               [ 4]  407 	ex de,hl
    000000BD C9               [10]  408 	ret
                                    409 ;smram.c:257: }
                                    410 ;smram.c:259: uchar dos2_getenv(char *var, char *buf) __naked
                                    411 ;	---------------------------------
                                    412 ; Function dos2_getenv
                                    413 ; ---------------------------------
    000000BE                        414 _dos2_getenv::
                                    415 ;smram.c:267: __endasm;	
    000000BE 06 FF            [ 7]  416 	ld b,#255
    000000C0 0E 6B            [ 7]  417 	ld c,#0x6B
    000000C2 CD 05 00         [17]  418 	call 5
    000000C5 C9               [10]  419 	ret
                                    420 ;smram.c:268: }
                                    421 ;smram.c:270: char hexToNum(char h)
                                    422 ;	---------------------------------
                                    423 ; Function hexToNum
                                    424 ; ---------------------------------
    000000C6                        425 _hexToNum::
                                    426 ;smram.c:274: if (h >= '0' && h <='9')
    000000C6 FE 30            [ 7]  427 	cp	a, #0x30
    000000C8 38 07            [12]  428 	jr	c, 00102$
    000000CA FE 3A            [ 7]  429 	cp	a, #0x3a
    000000CC 30 03            [12]  430 	jr	nc, 00102$
                                    431 ;smram.c:275: return h-'0';    
    000000CE C6 D0            [ 7]  432 	add	a, #0xd0
    000000D0 C9               [10]  433 	ret
    000000D1                        434 00102$:
                                    435 ;smram.c:276: return 0;
    000000D1 AF               [ 4]  436 	xor	a, a
                                    437 ;smram.c:277: }
    000000D2 C9               [10]  438 	ret
                                    439 ;smram.c:279: void jump(uint addr) __naked
                                    440 ;	---------------------------------
                                    441 ; Function jump
                                    442 ; ---------------------------------
    000000D3                        443 _jump::
                                    444 ;smram.c:287: __endasm;
    000000D3 ED 7B 06 00      [20]  445 	ld sp,(0x0006)
    000000D7 E9               [ 4]  446 	jp (hl)
                                    447 ;smram.c:288: }
                                    448 ;smram.c:290: void runROM_page1() __naked
                                    449 ;	---------------------------------
                                    450 ; Function runROM_page1
                                    451 ; ---------------------------------
    000000D8                        452 _runROM_page1::
                                    453 ;smram.c:330: __endasm;
    000000D8 FB               [ 4]  454 	ei
    000000D9 76               [ 4]  455 	halt
    000000DA F3               [ 4]  456 	di
    000000DB 31 FF CF         [10]  457 	ld sp,#0xCFFF
    000000DE 3Ar0Cr00         [13]  458 	ld a,(_stepDebug)
    000000E1 B7               [ 4]  459 	or a
    000000E2 28 0E            [12]  460 	jr z,__page1_breakpoint_programmed
    000000E4 3E FE            [ 7]  461 	ld a,#0xFE
    000000E6 D3 8F            [11]  462 	out (#0x8F),a
    000000E8 3Ar19r01         [13]  463 	ld a,(_breakpointAddress)
    000000EB D3 8F            [11]  464 	out (#0x8F),a
    000000ED 3Ar1Ar01         [13]  465 	ld a,(_breakpointAddress+1)
    000000F0 D3 8F            [11]  466 	out (#0x8F),a
    000000F2                        467 __page1_breakpoint_programmed:
    000000F2 21 9A FD         [10]  468 	ld hl,#0xFD9A
    000000F5 3E C9            [ 7]  469 	ld a,#0xC9
    000000F7 77               [ 7]  470 	ld (hl),a
    000000F8 21 9F FD         [10]  471 	ld hl,#0xFD9F
    000000FB 77               [ 7]  472 	ld (hl),a
    000000FC 3Ar02r00         [13]  473 	ld a,(_sslt)
    000000FF 67               [ 4]  474 	ld h,a
    00000100 2E 00            [ 7]  475 	ld l,#0
    00000102 E5               [11]  476 	push hl
    00000103 FD E1            [14]  477 	pop iy
    00000105 DD 2Ar17r01      [20]  478 	ld ix,(_romstart)
    00000109 FD E5            [15]  479 	push iy
    0000010B DD E5            [15]  480 	push ix
    0000010D 3A C1 FC         [13]  481 	ld a,(0xFCC1)
    00000110 21 00 00         [10]  482 	ld hl,#0
    00000113 CD 24 00         [17]  483 	call #0x0024
    00000116 DD E1            [14]  484 	pop ix
    00000118 FD E1            [14]  485 	pop iy
    0000011A CD 1C 00         [17]  486 	call #0x001C
    0000011D CD 1C 00         [17]  487 	call #0x001C
                                    488 ;smram.c:331: }
                                    489 ;smram.c:332: void runROM_page1_end() __naked {}
                                    490 ;	---------------------------------
                                    491 ; Function runROM_page1_end
                                    492 ; ---------------------------------
    00000120                        493 _runROM_page1_end::
                                    494 ;smram.c:334: void runROM_page0() __naked
                                    495 ;	---------------------------------
                                    496 ; Function runROM_page0
                                    497 ; ---------------------------------
    00000120                        498 _runROM_page0::
                                    499 ;smram.c:367: __endasm;
    00000120 FB               [ 4]  500 	ei
    00000121 76               [ 4]  501 	halt
    00000122 F3               [ 4]  502 	di
    00000123 31 FF CF         [10]  503 	ld sp,#0xCFFF
    00000126 3Ar0Cr00         [13]  504 	ld a,(_stepDebug)
    00000129 B7               [ 4]  505 	or a
    0000012A 28 0E            [12]  506 	jr z,__page0_breakpoint_programmed
    0000012C 3E FE            [ 7]  507 	ld a,#0xFE
    0000012E D3 8F            [11]  508 	out (#0x8F),a
    00000130 3Ar19r01         [13]  509 	ld a,(_breakpointAddress)
    00000133 D3 8F            [11]  510 	out (#0x8F),a
    00000135 3Ar1Ar01         [13]  511 	ld a,(_breakpointAddress+1)
    00000138 D3 8F            [11]  512 	out (#0x8F),a
    0000013A                        513 __page0_breakpoint_programmed:
    0000013A 21 9A FD         [10]  514 	ld hl,#0xFD9A
    0000013D 3E C9            [ 7]  515 	ld a,#0xC9
    0000013F 77               [ 7]  516 	ld (hl),a
    00000140 21 9F FD         [10]  517 	ld hl,#0xFD9F
    00000143 77               [ 7]  518 	ld (hl),a
    00000144 3Ar02r00         [13]  519 	ld a,(_sslt)
    00000147 67               [ 4]  520 	ld h,a
    00000148 2E 00            [ 7]  521 	ld l,#0
    0000014A E5               [11]  522 	push hl
    0000014B FD E1            [14]  523 	pop iy
    0000014D DD 2Ar17r01      [20]  524 	ld ix,(_romstart)
    00000151 CD 1C 00         [17]  525 	call #0x001C
    00000154 CD 1C 00         [17]  526 	call #0x001C
                                    527 ;smram.c:368: }
                                    528 ;smram.c:369: void runROM_page0_end() __naked {}
                                    529 ;	---------------------------------
                                    530 ; Function runROM_page0_end
                                    531 ; ---------------------------------
    00000157                        532 _runROM_page0_end::
                                    533 ;smram.c:371: void runROM_page2() __naked
                                    534 ;	---------------------------------
                                    535 ; Function runROM_page2
                                    536 ; ---------------------------------
    00000157                        537 _runROM_page2::
                                    538 ;smram.c:411: __endasm;
    00000157 FB               [ 4]  539 	ei
    00000158 76               [ 4]  540 	halt
    00000159 F3               [ 4]  541 	di
    0000015A 31 FF CF         [10]  542 	ld sp,#0xCFFF
    0000015D 3Ar0Cr00         [13]  543 	ld a,(_stepDebug)
    00000160 B7               [ 4]  544 	or a
    00000161 28 0E            [12]  545 	jr z,__page2_breakpoint_programmed
    00000163 3E FE            [ 7]  546 	ld a,#0xFE
    00000165 D3 8F            [11]  547 	out (#0x8F),a
    00000167 3Ar19r01         [13]  548 	ld a,(_breakpointAddress)
    0000016A D3 8F            [11]  549 	out (#0x8F),a
    0000016C 3Ar1Ar01         [13]  550 	ld a,(_breakpointAddress+1)
    0000016F D3 8F            [11]  551 	out (#0x8F),a
    00000171                        552 __page2_breakpoint_programmed:
    00000171 21 9A FD         [10]  553 	ld hl,#0xFD9A
    00000174 3E C9            [ 7]  554 	ld a,#0xC9
    00000176 77               [ 7]  555 	ld (hl),a
    00000177 21 9F FD         [10]  556 	ld hl,#0xFD9F
    0000017A 77               [ 7]  557 	ld (hl),a
    0000017B 3Ar02r00         [13]  558 	ld a,(_sslt)
    0000017E 67               [ 4]  559 	ld h,a
    0000017F 2E 00            [ 7]  560 	ld l,#0
    00000181 E5               [11]  561 	push hl
    00000182 FD E1            [14]  562 	pop iy
    00000184 DD 2Ar17r01      [20]  563 	ld ix,(_romstart)
    00000188 FD E5            [15]  564 	push iy
    0000018A DD E5            [15]  565 	push ix
    0000018C 3A C1 FC         [13]  566 	ld a,(0xFCC1)
    0000018F 21 00 00         [10]  567 	ld hl,#0
    00000192 CD 24 00         [17]  568 	call #0x0024
    00000195 DD E1            [14]  569 	pop ix
    00000197 FD E1            [14]  570 	pop iy
    00000199 CD 1C 00         [17]  571 	call #0x001C
    0000019C CD 1C 00         [17]  572 	call #0x001C
                                    573 ;smram.c:412: }
                                    574 ;smram.c:413: void runROM_page2_end() __naked {}
                                    575 ;	---------------------------------
                                    576 ; Function runROM_page2_end
                                    577 ; ---------------------------------
    0000019F                        578 _runROM_page2_end::
                                    579 ;smram.c:415: void runROM_page3() __naked
                                    580 ;	---------------------------------
                                    581 ; Function runROM_page3
                                    582 ; ---------------------------------
    0000019F                        583 _runROM_page3::
                                    584 ;smram.c:451: __endasm;
    0000019F FB               [ 4]  585 	ei
    000001A0 76               [ 4]  586 	halt
    000001A1 F3               [ 4]  587 	di
    000001A2 31 FF BF         [10]  588 	ld sp,#0xBFFF
    000001A5 3Ar0Cr00         [13]  589 	ld a,(_stepDebug)
    000001A8 B7               [ 4]  590 	or a
    000001A9 28 0E            [12]  591 	jr z,__page3_breakpoint_programmed
    000001AB 3E FE            [ 7]  592 	ld a,#0xFE
    000001AD D3 8F            [11]  593 	out (#0x8F),a
    000001AF 3Ar19r01         [13]  594 	ld a,(_breakpointAddress)
    000001B2 D3 8F            [11]  595 	out (#0x8F),a
    000001B4 3Ar1Ar01         [13]  596 	ld a,(_breakpointAddress+1)
    000001B7 D3 8F            [11]  597 	out (#0x8F),a
    000001B9                        598 __page3_breakpoint_programmed:
    000001B9 3Ar02r00         [13]  599 	ld a,(_sslt)
    000001BC 67               [ 4]  600 	ld h,a
    000001BD 2E 00            [ 7]  601 	ld l,#0
    000001BF E5               [11]  602 	push hl
    000001C0 FD E1            [14]  603 	pop iy
    000001C2 DD 2Ar17r01      [20]  604 	ld ix,(_romstart)
    000001C6 FD E5            [15]  605 	push iy
    000001C8 DD E5            [15]  606 	push ix
    000001CA 3A C1 FC         [13]  607 	ld a,(0xFCC1)
    000001CD 21 00 00         [10]  608 	ld hl,#0
    000001D0 CD 24 00         [17]  609 	call #0x0024
    000001D3 DD E1            [14]  610 	pop ix
    000001D5 FD E1            [14]  611 	pop iy
    000001D7 CD 1C 00         [17]  612 	call #0x001C
    000001DA CD 1C 00         [17]  613 	call #0x001C
                                    614 ;smram.c:452: }
                                    615 ;smram.c:453: void runROM_page3_end() __naked {}
                                    616 ;	---------------------------------
                                    617 ; Function runROM_page3_end
                                    618 ; ---------------------------------
    000001DD                        619 _runROM_page3_end::
                                    620 ;smram.c:455: void runROM_Reset() __naked
                                    621 ;	---------------------------------
                                    622 ; Function runROM_Reset
                                    623 ; ---------------------------------
    000001DD                        624 _runROM_Reset::
                                    625 ;smram.c:482: __endasm;
    000001DD FB               [ 4]  626 	ei
    000001DE 76               [ 4]  627 	halt
    000001DF F3               [ 4]  628 	di
    000001E0 31 FF CF         [10]  629 	ld sp,#0xCFFF
    000001E3 3Ar0Cr00         [13]  630 	ld a,(_stepDebug)
    000001E6 B7               [ 4]  631 	or a
    000001E7 28 0E            [12]  632 	jr z,__reset_breakpoint_programmed
    000001E9 3E FE            [ 7]  633 	ld a,#0xFE
    000001EB D3 8F            [11]  634 	out (#0x8F),a
    000001ED 3Ar19r01         [13]  635 	ld a,(_breakpointAddress)
    000001F0 D3 8F            [11]  636 	out (#0x8F),a
    000001F2 3Ar1Ar01         [13]  637 	ld a,(_breakpointAddress+1)
    000001F5 D3 8F            [11]  638 	out (#0x8F),a
    000001F7                        639 __reset_breakpoint_programmed:
    000001F7 21 9A FD         [10]  640 	ld hl,#0xFD9A
    000001FA 3E C9            [ 7]  641 	ld a,#0xC9
    000001FC 77               [ 7]  642 	ld (hl),a
    000001FD 21 9F FD         [10]  643 	ld hl,#0xFD9F
    00000200 77               [ 7]  644 	ld (hl),a
    00000201 FD 2A C0 FC      [20]  645 	ld iy,(0xFCC1 -1)
    00000205 DD 21 00 00      [14]  646 	ld ix,#0
    00000209 CD 1C 00         [17]  647 	call #0x001C
    0000020C CD 1C 00         [17]  648 	call #0x001C
                                    649 ;smram.c:483: }
                                    650 ;smram.c:485: void runROM_Reset_end() __naked {}
                                    651 ;	---------------------------------
                                    652 ; Function runROM_Reset_end
                                    653 ; ---------------------------------
    0000020F                        654 _runROM_Reset_end::
                                    655 ;smram.c:523: void print_mapper_type(void)
                                    656 ;	---------------------------------
                                    657 ; Function print_mapper_type
                                    658 ; ---------------------------------
    0000020F                        659 _print_mapper_type::
                                    660 ;smram.c:525: printf("\r\nMapper Type: ");
    0000020F 21r9Er02         [10]  661 	ld	hl, #___str_0
    00000212 E5               [11]  662 	push	hl
    00000213 CDr00r00         [17]  663 	call	_printf
    00000216 F1               [10]  664 	pop	af
                                    665 ;smram.c:526: switch(megaram_type)
    00000217 3Ar04r00         [13]  666 	ld	a, (_megaram_type+1)
    0000021A FD 21r03r00      [14]  667 	ld	iy, #_megaram_type
    0000021E FD B6 00         [19]  668 	or	a, 0 (iy)
    00000221 28 3C            [12]  669 	jr	z, 00101$
    00000223 3Ar03r00         [13]  670 	ld	a, (_megaram_type+0)
    00000226 3D               [ 4]  671 	dec	a
    00000227 FD B6 01         [19]  672 	or	a, 1 (iy)
    0000022A 28 69            [12]  673 	jr	z, 00107$
    0000022C 3Ar03r00         [13]  674 	ld	a, (_megaram_type+0)
    0000022F D6 02            [ 7]  675 	sub	a, #0x02
    00000231 FD B6 01         [19]  676 	or	a, 1 (iy)
    00000234 28 32            [12]  677 	jr	z, 00102$
    00000236 3Ar03r00         [13]  678 	ld	a, (_megaram_type+0)
    00000239 D6 04            [ 7]  679 	sub	a, #0x04
    0000023B FD B6 01         [19]  680 	or	a, 1 (iy)
    0000023E 28 31            [12]  681 	jr	z, 00103$
    00000240 3Ar03r00         [13]  682 	ld	a, (_megaram_type+0)
    00000243 D6 05            [ 7]  683 	sub	a, #0x05
    00000245 FD B6 01         [19]  684 	or	a, 1 (iy)
    00000248 28 30            [12]  685 	jr	z, 00104$
    0000024A 3Ar03r00         [13]  686 	ld	a, (_megaram_type+0)
    0000024D D6 08            [ 7]  687 	sub	a, #0x08
    0000024F FD B6 01         [19]  688 	or	a, 1 (iy)
    00000252 28 38            [12]  689 	jr	z, 00106$
    00000254 3Ar03r00         [13]  690 	ld	a, (_megaram_type+0)
    00000257 D6 16            [ 7]  691 	sub	a, #0x16
    00000259 FD B6 01         [19]  692 	or	a, 1 (iy)
    0000025C 28 25            [12]  693 	jr	z, 00105$
    0000025E C9               [10]  694 	ret
                                    695 ;smram.c:528: case TYPE_MSCC:
    0000025F                        696 00101$:
                                    697 ;smram.c:529: printf("MegaRAM SCC (default)\n\r");
    0000025F 21rAEr02         [10]  698 	ld	hl, #___str_1
    00000262 E5               [11]  699 	push	hl
    00000263 CDr00r00         [17]  700 	call	_printf
    00000266 F1               [10]  701 	pop	af
                                    702 ;smram.c:530: break;
    00000267 C9               [10]  703 	ret
                                    704 ;smram.c:531: case TYPE_LINEAR:
    00000268                        705 00102$:
                                    706 ;smram.c:532: printf("LINEAR (/L)\n\r");
    00000268 21rC6r02         [10]  707 	ld	hl, #___str_2
    0000026B E5               [11]  708 	push	hl
    0000026C CDr00r00         [17]  709 	call	_printf
    0000026F F1               [10]  710 	pop	af
                                    711 ;smram.c:533: break;
    00000270 C9               [10]  712 	ret
                                    713 ;smram.c:534: case TYPE_K4:
    00000271                        714 00103$:
                                    715 ;smram.c:535: printf("Konami (/R6 or /K4)\n\r");
    00000271 21rD4r02         [10]  716 	ld	hl, #___str_3
    00000274 E5               [11]  717 	push	hl
    00000275 CDr00r00         [17]  718 	call	_printf
    00000278 F1               [10]  719 	pop	af
                                    720 ;smram.c:536: break;
    00000279 C9               [10]  721 	ret
                                    722 ;smram.c:537: case TYPE_K5:
    0000027A                        723 00104$:
                                    724 ;smram.c:538: printf("Konami SCC (/R5 or /K5)\n\r");
    0000027A 01rEAr02         [10]  725 	ld	bc, #___str_4+0
    0000027D C5               [11]  726 	push	bc
    0000027E CDr00r00         [17]  727 	call	_printf
    00000281 F1               [10]  728 	pop	af
                                    729 ;smram.c:539: break;
    00000282 C9               [10]  730 	ret
                                    731 ;smram.c:540: case TYPE_A16:
    00000283                        732 00105$:
                                    733 ;smram.c:541: printf("ASCII16 (/R1 or /A16)\n\r");
    00000283 21r04r03         [10]  734 	ld	hl, #___str_5
    00000286 E5               [11]  735 	push	hl
    00000287 CDr00r00         [17]  736 	call	_printf
    0000028A F1               [10]  737 	pop	af
                                    738 ;smram.c:542: break;
    0000028B C9               [10]  739 	ret
                                    740 ;smram.c:543: case TYPE_A8:
    0000028C                        741 00106$:
                                    742 ;smram.c:544: printf("ASCII8 (/R3 or /A8)\n\r");
    0000028C 21r1Cr03         [10]  743 	ld	hl, #___str_6
    0000028F E5               [11]  744 	push	hl
    00000290 CDr00r00         [17]  745 	call	_printf
    00000293 F1               [10]  746 	pop	af
                                    747 ;smram.c:545: break;
    00000294 C9               [10]  748 	ret
                                    749 ;smram.c:546: case TYPE_DDX:
    00000295                        750 00107$:
                                    751 ;smram.c:547: printf("MegaRAM DDX (/D)\n\r");
    00000295 21r32r03         [10]  752 	ld	hl, #___str_7
    00000298 E5               [11]  753 	push	hl
    00000299 CDr00r00         [17]  754 	call	_printf
    0000029C F1               [10]  755 	pop	af
                                    756 ;smram.c:549: }
                                    757 ;smram.c:550: }
    0000029D C9               [10]  758 	ret
    0000029E                        759 ___str_0:
    0000029E 0D                     760 	.db 0x0d
    0000029F 0A                     761 	.db 0x0a
    000002A0 4D 61 70 70 65 72 20   762 	.ascii "Mapper Type: "
             54 79 70 65 3A 20
    000002AD 00                     763 	.db 0x00
    000002AE                        764 ___str_1:
    000002AE 4D 65 67 61 52 41 4D   765 	.ascii "MegaRAM SCC (default)"
             20 53 43 43 20 28 64
             65 66 61 75 6C 74 29
    000002C3 0A                     766 	.db 0x0a
    000002C4 0D                     767 	.db 0x0d
    000002C5 00                     768 	.db 0x00
    000002C6                        769 ___str_2:
    000002C6 4C 49 4E 45 41 52 20   770 	.ascii "LINEAR (/L)"
             28 2F 4C 29
    000002D1 0A                     771 	.db 0x0a
    000002D2 0D                     772 	.db 0x0d
    000002D3 00                     773 	.db 0x00
    000002D4                        774 ___str_3:
    000002D4 4B 6F 6E 61 6D 69 20   775 	.ascii "Konami (/R6 or /K4)"
             28 2F 52 36 20 6F 72
             20 2F 4B 34 29
    000002E7 0A                     776 	.db 0x0a
    000002E8 0D                     777 	.db 0x0d
    000002E9 00                     778 	.db 0x00
    000002EA                        779 ___str_4:
    000002EA 4B 6F 6E 61 6D 69 20   780 	.ascii "Konami SCC (/R5 or /K5)"
             53 43 43 20 28 2F 52
             35 20 6F 72 20 2F 4B
             35 29
    00000301 0A                     781 	.db 0x0a
    00000302 0D                     782 	.db 0x0d
    00000303 00                     783 	.db 0x00
    00000304                        784 ___str_5:
    00000304 41 53 43 49 49 31 36   785 	.ascii "ASCII16 (/R1 or /A16)"
             20 28 2F 52 31 20 6F
             72 20 2F 41 31 36 29
    00000319 0A                     786 	.db 0x0a
    0000031A 0D                     787 	.db 0x0d
    0000031B 00                     788 	.db 0x00
    0000031C                        789 ___str_6:
    0000031C 41 53 43 49 49 38 20   790 	.ascii "ASCII8 (/R3 or /A8)"
             28 2F 52 33 20 6F 72
             20 2F 41 38 29
    0000032F 0A                     791 	.db 0x0a
    00000330 0D                     792 	.db 0x0d
    00000331 00                     793 	.db 0x00
    00000332                        794 ___str_7:
    00000332 4D 65 67 61 52 41 4D   795 	.ascii "MegaRAM DDX (/D)"
             20 44 44 58 20 28 2F
             44 29
    00000342 0A                     796 	.db 0x0a
    00000343 0D                     797 	.db 0x0d
    00000344 00                     798 	.db 0x00
                                    799 ;smram.c:552: int main(void)
                                    800 ;	---------------------------------
                                    801 ; Function main
                                    802 ; ---------------------------------
    00000345                        803 _main::
                                    804 ;smram.c:554: curslt = (PPIA & 0x0C) >> 2;
    00000345 DB A8            [11]  805 	in	a, (_PPIA)
    00000347 E6 0C            [ 7]  806 	and	a, #0x0c
    00000349 2E 00            [ 7]  807 	ld	l, #0x00
    0000034B CB 2D            [ 8]  808 	sra	l
    0000034D CB 1F            [ 8]  809 	rr	a
    0000034F CB 2D            [ 8]  810 	sra	l
    00000351 CB 1F            [ 8]  811 	rr	a
    00000353 32r00r00         [13]  812 	ld	(_curslt), a
                                    813 ;smram.c:555: cursslt = (~(*((uchar*)0xFFFF)) & 0x0C) | *((uchar*)EXPTBL+curslt);
    00000356 3A FF FF         [13]  814 	ld	a, (#0xffff)
    00000359 2F               [ 4]  815 	cpl
    0000035A E6 0C            [ 7]  816 	and	a, #0x0c
    0000035C 4F               [ 4]  817 	ld	c, a
    0000035D 3Ar00r00         [13]  818 	ld	a, (_curslt)
    00000360 6F               [ 4]  819 	ld	l, a
    00000361 26 00            [ 7]  820 	ld	h, #0x00
    00000363 11 C1 FC         [10]  821 	ld	de, #0xfcc1
    00000366 19               [11]  822 	add	hl, de
    00000367 7E               [ 7]  823 	ld	a, (hl)
    00000368 B1               [ 4]  824 	or	a, c
    00000369 32r01r00         [13]  825 	ld	(#_cursslt), a
                                    826 ;smram.c:557: for(i = 1; i < 4; i++)
    0000036C 21 01 00         [10]  827 	ld	hl, #0x0001
    0000036F 22r0Dr00         [16]  828 	ld	(_i), hl
    00000372                        829 00304$:
                                    830 ;smram.c:559: slotid = *((uchar*)EXPTBL+i);
    00000372 2Ar0Dr00         [16]  831 	ld	hl, (_i)
    00000375 11 C1 FC         [10]  832 	ld	de, #0xfcc1
    00000378 19               [11]  833 	add	hl, de
    00000379 7E               [ 7]  834 	ld	a, (hl)
    0000037A 32r16r00         [13]  835 	ld	(#_slotid), a
                                    836 ;smram.c:561: if (slotid & 0x80) {    // expanded ?
    0000037D 3Ar16r00         [13]  837 	ld	a, (_slotid)
    00000380 07               [ 4]  838 	rlca
    00000381 30 74            [12]  839 	jr	nc, 00305$
                                    840 ;smram.c:563: enaslt(i | 0x80, 0x4000); // looking for BIOS, sslot 0
    00000383 3Ar0Dr00         [13]  841 	ld	a, (_i)
    00000386 CB FF            [ 8]  842 	set	7, a
    00000388 11 00 40         [10]  843 	ld	de, #0x4000
    0000038B CDr48r00         [17]  844 	call	_enaslt
                                    845 ;smram.c:565: b = *(uchar*)(0x6000); // it might be RAM
    0000038E 3A 00 60         [13]  846 	ld	a, (#0x6000)
    00000391 32r03r00         [13]  847 	ld	(#_b), a
                                    848 ;smram.c:566: *((uchar*)0x6000) = 7;
    00000394 21 00 60         [10]  849 	ld	hl, #0x6000
    00000397 36 07            [10]  850 	ld	(hl), #0x07
                                    851 ;smram.c:567: s = "WonderTANG! uSD Driver";
    00000399 21rE2r0B         [10]  852 	ld	hl, #___str_8
    0000039C 22r04r00         [16]  853 	ld	(_s), hl
                                    854 ;smram.c:568: t = (uchar*)0x4110;
    0000039F 21 10 41         [10]  855 	ld	hl, #0x4110
    000003A2 22r06r00         [16]  856 	ld	(_t), hl
                                    857 ;smram.c:569: for(int j=0; j<22; j++)
    000003A5 01 00 00         [10]  858 	ld	bc, #0x0000
    000003A8                        859 00302$:
    000003A8 79               [ 4]  860 	ld	a, c
    000003A9 D6 16            [ 7]  861 	sub	a, #0x16
    000003AB 78               [ 4]  862 	ld	a, b
    000003AC 17               [ 4]  863 	rla
    000003AD 3F               [ 4]  864 	ccf
    000003AE 1F               [ 4]  865 	rra
    000003AF DE 80            [ 7]  866 	sbc	a, #0x80
    000003B1 30 2A            [12]  867 	jr	nc, 00105$
                                    868 ;smram.c:571: if (*s++ != *t++) break;
    000003B3 2Ar04r00         [16]  869 	ld	hl, (_s)
    000003B6 5E               [ 7]  870 	ld	e, (hl)
    000003B7 2Ar04r00         [16]  871 	ld	hl, (_s)
    000003BA 23               [ 6]  872 	inc	hl
    000003BB 22r04r00         [16]  873 	ld	(_s), hl
    000003BE 2Ar06r00         [16]  874 	ld	hl, (_t)
    000003C1 56               [ 7]  875 	ld	d, (hl)
    000003C2 2Ar06r00         [16]  876 	ld	hl, (_t)
    000003C5 23               [ 6]  877 	inc	hl
    000003C6 22r06r00         [16]  878 	ld	(_t), hl
    000003C9 7B               [ 4]  879 	ld	a, e
    000003CA 92               [ 4]  880 	sub	a, d
    000003CB 20 10            [12]  881 	jr	nz, 00105$
                                    882 ;smram.c:573: if (j == 21) 
    000003CD 79               [ 4]  883 	ld	a, c
    000003CE D6 15            [ 7]  884 	sub	a, #0x15
    000003D0 B0               [ 4]  885 	or	a, b
    000003D1 20 07            [12]  886 	jr	nz, 00303$
                                    887 ;smram.c:575: found = TRUE;
    000003D3 21r00r00         [10]  888 	ld	hl, #_found
    000003D6 36 01            [10]  889 	ld	(hl), #0x01
                                    890 ;smram.c:576: break;
    000003D8 18 03            [12]  891 	jr	00105$
    000003DA                        892 00303$:
                                    893 ;smram.c:569: for(int j=0; j<22; j++)
    000003DA 03               [ 6]  894 	inc	bc
    000003DB 18 CB            [12]  895 	jr	00302$
    000003DD                        896 00105$:
                                    897 ;smram.c:580: *((uchar*)0x6000) = b; // return whatever was there
    000003DD 21 00 60         [10]  898 	ld	hl, #0x6000
    000003E0 3Ar03r00         [13]  899 	ld	a, (_b)
    000003E3 77               [ 7]  900 	ld	(hl), a
                                    901 ;smram.c:582: enaslt(curslt | cursslt, 0x4000);
    000003E4 3Ar00r00         [13]  902 	ld	a, (_curslt)
    000003E7 21r01r00         [10]  903 	ld	hl, #_cursslt
    000003EA B6               [ 7]  904 	or	a, (hl)
    000003EB 11 00 40         [10]  905 	ld	de, #0x4000
    000003EE CDr48r00         [17]  906 	call	_enaslt
                                    907 ;smram.c:584: if (found) break;
    000003F1 3Ar00r00         [13]  908 	ld	a, (_found+0)
    000003F4 B7               [ 4]  909 	or	a, a
    000003F5 20 17            [12]  910 	jr	nz, 00110$
    000003F7                        911 00305$:
                                    912 ;smram.c:557: for(i = 1; i < 4; i++)
    000003F7 2Ar0Dr00         [16]  913 	ld	hl, (_i)
    000003FA 23               [ 6]  914 	inc	hl
    000003FB 22r0Dr00         [16]  915 	ld	(_i), hl
    000003FE 3Ar0Dr00         [13]  916 	ld	a, (_i+0)
    00000401 D6 04            [ 7]  917 	sub	a, #0x04
    00000403 3Ar0Er00         [13]  918 	ld	a, (_i+1)
    00000406 17               [ 4]  919 	rla
    00000407 3F               [ 4]  920 	ccf
    00000408 1F               [ 4]  921 	rra
    00000409 DE 80            [ 7]  922 	sbc	a, #0x80
    0000040B DAr72r03         [10]  923 	jp	c, 00304$
    0000040E                        924 00110$:
                                    925 ;smram.c:588: sslt = 0;
    0000040E AF               [ 4]  926 	xor	a, a
    0000040F 32r02r00         [13]  927 	ld	(#_sslt), a
                                    928 ;smram.c:590: if (found)
    00000412 3Ar00r00         [13]  929 	ld	a, (_found+0)
    00000415 B7               [ 4]  930 	or	a, a
    00000416 CArB7r06         [10]  931 	jp	z, 00208$
                                    932 ;smram.c:592: printf("WonderTANG! Super MegaRAM SCC\n\r");
    00000419 21rF9r0B         [10]  933 	ld	hl, #___str_9
    0000041C E5               [11]  934 	push	hl
    0000041D CDr00r00         [17]  935 	call	_printf
                                    936 ;smram.c:593: printf("v3.01 (new-juice)\n\r");
    00000420 21r19r0C         [10]  937 	ld	hl, #___str_10
    00000423 E3               [19]  938 	ex	(sp),hl
    00000424 CDr00r00         [17]  939 	call	_printf
    00000427 F1               [10]  940 	pop	af
                                    941 ;smram.c:595: sslt = 0x80 | (2 << 2) | i;
    00000428 3Ar0Dr00         [13]  942 	ld	a, (_i)
    0000042B F6 88            [ 7]  943 	or	a, #0x88
    0000042D 32r02r00         [13]  944 	ld	(#_sslt), a
                                    945 ;smram.c:596: paramlen = *((char*)0x80);
    00000430 3A 80 00         [13]  946 	ld	a, (#0x0080)
    00000433 32r05r00         [13]  947 	ld	(#_paramlen), a
                                    948 ;smram.c:597: for(params = (char*)0x81; *params != 0 || paramlen == 0; ++params, paramlen--)
    00000436 21 81 00         [10]  949 	ld	hl, #0x0081
    00000439 22r08r00         [16]  950 	ld	(_params), hl
    0000043C                        951 00308$:
    0000043C ED 4Br08r00      [20]  952 	ld	bc, (_params)
    00000440 0A               [ 7]  953 	ld	a, (bc)
    00000441 5F               [ 4]  954 	ld	e, a
    00000442 B7               [ 4]  955 	or	a, a
    00000443 20 07            [12]  956 	jr	nz, 00307$
    00000445 3Ar05r00         [13]  957 	ld	a, (_paramlen+0)
    00000448 B7               [ 4]  958 	or	a, a
    00000449 C2rBDr06         [10]  959 	jp	nz, 00209$
    0000044C                        960 00307$:
                                    961 ;smram.c:599: if (*params != ' ')
                                    962 ;smram.c:601: if (*params == '/')
    0000044C 7B               [ 4]  963 	ld	a, e
    0000044D FE 20            [ 7]  964 	cp	a, #0x20
    0000044F CArA9r06         [10]  965 	jp	z, 00309$
    00000452 D6 2F            [ 7]  966 	sub	a, #0x2f
    00000454 C2r8Br06         [10]  967 	jp	nz, 00202$
                                    968 ;smram.c:603: params++;
    00000457 2Ar08r00         [16]  969 	ld	hl, (_params)
    0000045A 23               [ 6]  970 	inc	hl
    0000045B 22r08r00         [16]  971 	ld	(_params), hl
                                    972 ;smram.c:597: for(params = (char*)0x81; *params != 0 || paramlen == 0; ++params, paramlen--)
    0000045E 2Ar08r00         [16]  973 	ld	hl, (_params)
    00000461 4E               [ 7]  974 	ld	c, (hl)
                                    975 ;smram.c:604: if (to_upper(*params) == 'R') 
    00000462 C5               [11]  976 	push	bc
    00000463 79               [ 4]  977 	ld	a, c
    00000464 CDr3Fr00         [17]  978 	call	_to_upper
    00000467 C1               [10]  979 	pop	bc
                                    980 ;smram.c:603: params++;
    00000468 2Ar08r00         [16]  981 	ld	hl, (_params)
    0000046B 23               [ 6]  982 	inc	hl
                                    983 ;smram.c:604: if (to_upper(*params) == 'R') 
    0000046C FE 52            [ 7]  984 	cp	a, #0x52
    0000046E 20 63            [12]  985 	jr	nz, 00195$
                                    986 ;smram.c:606: mapperSpecified = TRUE;
    00000470 3E 01            [ 7]  987 	ld	a, #0x01
    00000472 32r08r00         [13]  988 	ld	(_mapperSpecified+0), a
                                    989 ;smram.c:607: params++;
    00000475 22r08r00         [16]  990 	ld	(_params), hl
                                    991 ;smram.c:597: for(params = (char*)0x81; *params != 0 || paramlen == 0; ++params, paramlen--)
    00000478 2Ar08r00         [16]  992 	ld	hl, (_params)
    0000047B 7E               [ 7]  993 	ld	a, (hl)
                                    994 ;smram.c:608: if (*params == '0')
    0000047C FE 30            [ 7]  995 	cp	a, #0x30
    0000047E 20 09            [12]  996 	jr	nz, 00127$
                                    997 ;smram.c:609: megaram_type = TYPE_MSCC;
    00000480 21 00 00         [10]  998 	ld	hl, #0x0000
    00000483 22r03r00         [16]  999 	ld	(_megaram_type), hl
    00000486 C3rA9r06         [10] 1000 	jp	00309$
    00000489                       1001 00127$:
                                   1002 ;smram.c:611: if (*params == '2')
    00000489 FE 32            [ 7] 1003 	cp	a, #0x32
    0000048B 20 09            [12] 1004 	jr	nz, 00124$
                                   1005 ;smram.c:612: megaram_type = TYPE_LINEAR;
    0000048D 21 02 00         [10] 1006 	ld	hl, #0x0002
    00000490 22r03r00         [16] 1007 	ld	(_megaram_type), hl
    00000493 C3rA9r06         [10] 1008 	jp	00309$
    00000496                       1009 00124$:
                                   1010 ;smram.c:614: if (*params == '6')
    00000496 FE 36            [ 7] 1011 	cp	a, #0x36
    00000498 20 09            [12] 1012 	jr	nz, 00121$
                                   1013 ;smram.c:615: megaram_type = TYPE_K4;
    0000049A 21 04 00         [10] 1014 	ld	hl, #0x0004
    0000049D 22r03r00         [16] 1015 	ld	(_megaram_type), hl
    000004A0 C3rA9r06         [10] 1016 	jp	00309$
    000004A3                       1017 00121$:
                                   1018 ;smram.c:617: if (*params == '5')
    000004A3 FE 35            [ 7] 1019 	cp	a, #0x35
    000004A5 20 09            [12] 1020 	jr	nz, 00118$
                                   1021 ;smram.c:618: megaram_type = TYPE_K5;
    000004A7 21 05 00         [10] 1022 	ld	hl, #0x0005
    000004AA 22r03r00         [16] 1023 	ld	(_megaram_type), hl
    000004AD C3rA9r06         [10] 1024 	jp	00309$
    000004B0                       1025 00118$:
                                   1026 ;smram.c:620: if (*params == '1')
    000004B0 FE 31            [ 7] 1027 	cp	a, #0x31
    000004B2 20 09            [12] 1028 	jr	nz, 00115$
                                   1029 ;smram.c:621: megaram_type = TYPE_A16;
    000004B4 21 16 00         [10] 1030 	ld	hl, #0x0016
    000004B7 22r03r00         [16] 1031 	ld	(_megaram_type), hl
    000004BA C3rA9r06         [10] 1032 	jp	00309$
    000004BD                       1033 00115$:
                                   1034 ;smram.c:623: if (*params == '3')
    000004BD FE 33            [ 7] 1035 	cp	a, #0x33
    000004BF 20 09            [12] 1036 	jr	nz, 00112$
                                   1037 ;smram.c:624: megaram_type = TYPE_A8;
    000004C1 21 08 00         [10] 1038 	ld	hl, #0x0008
    000004C4 22r03r00         [16] 1039 	ld	(_megaram_type), hl
    000004C7 C3rA9r06         [10] 1040 	jp	00309$
    000004CA                       1041 00112$:
                                   1042 ;smram.c:626: megaram_type = TYPE_UNK;                    
    000004CA 21 FF 00         [10] 1043 	ld	hl, #0x00ff
    000004CD 22r03r00         [16] 1044 	ld	(_megaram_type), hl
    000004D0 C3rA9r06         [10] 1045 	jp	00309$
    000004D3                       1046 00195$:
                                   1047 ;smram.c:628: else if (to_upper(*params) == 'K')
    000004D3 E5               [11] 1048 	push	hl
    000004D4 C5               [11] 1049 	push	bc
    000004D5 79               [ 4] 1050 	ld	a, c
    000004D6 CDr3Fr00         [17] 1051 	call	_to_upper
    000004D9 C1               [10] 1052 	pop	bc
    000004DA E1               [10] 1053 	pop	hl
    000004DB FE 4B            [ 7] 1054 	cp	a, #0x4b
    000004DD 20 2F            [12] 1055 	jr	nz, 00192$
                                   1056 ;smram.c:630: mapperSpecified = TRUE;
    000004DF 3E 01            [ 7] 1057 	ld	a, #0x01
    000004E1 32r08r00         [13] 1058 	ld	(_mapperSpecified+0), a
                                   1059 ;smram.c:631: params++;
    000004E4 22r08r00         [16] 1060 	ld	(_params), hl
                                   1061 ;smram.c:597: for(params = (char*)0x81; *params != 0 || paramlen == 0; ++params, paramlen--)
    000004E7 2Ar08r00         [16] 1062 	ld	hl, (_params)
    000004EA 7E               [ 7] 1063 	ld	a, (hl)
                                   1064 ;smram.c:632: if (*params == '5')
    000004EB FE 35            [ 7] 1065 	cp	a, #0x35
    000004ED 20 09            [12] 1066 	jr	nz, 00133$
                                   1067 ;smram.c:633: megaram_type = TYPE_K5;
    000004EF 21 05 00         [10] 1068 	ld	hl, #0x0005
    000004F2 22r03r00         [16] 1069 	ld	(_megaram_type), hl
    000004F5 C3rA9r06         [10] 1070 	jp	00309$
    000004F8                       1071 00133$:
                                   1072 ;smram.c:635: if (*params == '4')
    000004F8 FE 34            [ 7] 1073 	cp	a, #0x34
    000004FA 20 09            [12] 1074 	jr	nz, 00130$
                                   1075 ;smram.c:636: megaram_type = TYPE_K4;
    000004FC 21 04 00         [10] 1076 	ld	hl, #0x0004
    000004FF 22r03r00         [16] 1077 	ld	(_megaram_type), hl
    00000502 C3rA9r06         [10] 1078 	jp	00309$
    00000505                       1079 00130$:
                                   1080 ;smram.c:638: megaram_type = TYPE_UNK;
    00000505 21 FF 00         [10] 1081 	ld	hl, #0x00ff
    00000508 22r03r00         [16] 1082 	ld	(_megaram_type), hl
    0000050B C3rA9r06         [10] 1083 	jp	00309$
    0000050E                       1084 00192$:
                                   1085 ;smram.c:640: else if (to_upper(*params) == 'D')
    0000050E E5               [11] 1086 	push	hl
    0000050F C5               [11] 1087 	push	bc
    00000510 79               [ 4] 1088 	ld	a, c
    00000511 CDr3Fr00         [17] 1089 	call	_to_upper
    00000514 C1               [10] 1090 	pop	bc
    00000515 E1               [10] 1091 	pop	hl
    00000516 FE 44            [ 7] 1092 	cp	a, #0x44
    00000518 20 0E            [12] 1093 	jr	nz, 00189$
                                   1094 ;smram.c:642: mapperSpecified = TRUE;
    0000051A 21r08r00         [10] 1095 	ld	hl, #_mapperSpecified
    0000051D 36 01            [10] 1096 	ld	(hl), #0x01
                                   1097 ;smram.c:643: megaram_type = TYPE_DDX;
    0000051F 21 01 00         [10] 1098 	ld	hl, #0x0001
    00000522 22r03r00         [16] 1099 	ld	(_megaram_type), hl
    00000525 C3rA9r06         [10] 1100 	jp	00309$
    00000528                       1101 00189$:
                                   1102 ;smram.c:645: else if (to_upper(*params) == 'L')
    00000528 E5               [11] 1103 	push	hl
    00000529 C5               [11] 1104 	push	bc
    0000052A 79               [ 4] 1105 	ld	a, c
    0000052B CDr3Fr00         [17] 1106 	call	_to_upper
    0000052E C1               [10] 1107 	pop	bc
    0000052F E1               [10] 1108 	pop	hl
    00000530 FE 4C            [ 7] 1109 	cp	a, #0x4c
    00000532 20 0E            [12] 1110 	jr	nz, 00186$
                                   1111 ;smram.c:647: mapperSpecified = TRUE;
    00000534 21r08r00         [10] 1112 	ld	hl, #_mapperSpecified
    00000537 36 01            [10] 1113 	ld	(hl), #0x01
                                   1114 ;smram.c:648: megaram_type = TYPE_LINEAR;
    00000539 21 02 00         [10] 1115 	ld	hl, #0x0002
    0000053C 22r03r00         [16] 1116 	ld	(_megaram_type), hl
    0000053F C3rA9r06         [10] 1117 	jp	00309$
    00000542                       1118 00186$:
                                   1119 ;smram.c:650: else if (to_upper(*params) == 'S')
    00000542 E5               [11] 1120 	push	hl
    00000543 C5               [11] 1121 	push	bc
    00000544 79               [ 4] 1122 	ld	a, c
    00000545 CDr3Fr00         [17] 1123 	call	_to_upper
    00000548 C1               [10] 1124 	pop	bc
    00000549 E1               [10] 1125 	pop	hl
    0000054A FE 53            [ 7] 1126 	cp	a, #0x53
    0000054C 20 0D            [12] 1127 	jr	nz, 00183$
                                   1128 ;smram.c:652: softReset = TRUE;
    0000054E 21r07r00         [10] 1129 	ld	hl, #_softReset
    00000551 36 01            [10] 1130 	ld	(hl), #0x01
                                   1131 ;smram.c:653: presAB = TRUE;
    00000553 21r06r00         [10] 1132 	ld	hl, #_presAB
    00000556 36 01            [10] 1133 	ld	(hl), #0x01
    00000558 C3rA9r06         [10] 1134 	jp	00309$
    0000055B                       1135 00183$:
                                   1136 ;smram.c:655: else if (to_upper(*params) == 'A')
    0000055B E5               [11] 1137 	push	hl
    0000055C C5               [11] 1138 	push	bc
    0000055D 79               [ 4] 1139 	ld	a, c
    0000055E CDr3Fr00         [17] 1140 	call	_to_upper
    00000561 C1               [10] 1141 	pop	bc
    00000562 E1               [10] 1142 	pop	hl
    00000563 FE 41            [ 7] 1143 	cp	a, #0x41
    00000565 20 47            [12] 1144 	jr	nz, 00180$
                                   1145 ;smram.c:657: mapperSpecified = TRUE;
    00000567 3E 01            [ 7] 1146 	ld	a, #0x01
    00000569 32r08r00         [13] 1147 	ld	(_mapperSpecified+0), a
                                   1148 ;smram.c:658: params++;
    0000056C 22r08r00         [16] 1149 	ld	(_params), hl
                                   1150 ;smram.c:597: for(params = (char*)0x81; *params != 0 || paramlen == 0; ++params, paramlen--)
    0000056F 2Ar08r00         [16] 1151 	ld	hl, (_params)
    00000572 7E               [ 7] 1152 	ld	a, (hl)
                                   1153 ;smram.c:659: if (*params == '8')
    00000573 FE 38            [ 7] 1154 	cp	a, #0x38
    00000575 20 09            [12] 1155 	jr	nz, 00142$
                                   1156 ;smram.c:660: megaram_type = TYPE_A8;
    00000577 21 08 00         [10] 1157 	ld	hl, #0x0008
    0000057A 22r03r00         [16] 1158 	ld	(_megaram_type), hl
    0000057D C3rA9r06         [10] 1159 	jp	00309$
    00000580                       1160 00142$:
                                   1161 ;smram.c:662: if (*params == '1')
    00000580 FE 31            [ 7] 1162 	cp	a, #0x31
    00000582 20 21            [12] 1163 	jr	nz, 00139$
                                   1164 ;smram.c:664: params++;
    00000584 2Ar08r00         [16] 1165 	ld	hl, (_params)
    00000587 23               [ 6] 1166 	inc	hl
    00000588 22r08r00         [16] 1167 	ld	(_params), hl
                                   1168 ;smram.c:665: if (*params == '6')
    0000058B 2Ar08r00         [16] 1169 	ld	hl, (_params)
    0000058E 7E               [ 7] 1170 	ld	a, (hl)
    0000058F FE 36            [ 7] 1171 	cp	a, #0x36
    00000591 20 09            [12] 1172 	jr	nz, 00136$
                                   1173 ;smram.c:666: megaram_type = TYPE_A16;
    00000593 21 16 00         [10] 1174 	ld	hl, #0x0016
    00000596 22r03r00         [16] 1175 	ld	(_megaram_type), hl
    00000599 C3rA9r06         [10] 1176 	jp	00309$
    0000059C                       1177 00136$:
                                   1178 ;smram.c:668: megaram_type = TYPE_UNK;
    0000059C 21 FF 00         [10] 1179 	ld	hl, #0x00ff
    0000059F 22r03r00         [16] 1180 	ld	(_megaram_type), hl
    000005A2 C3rA9r06         [10] 1181 	jp	00309$
    000005A5                       1182 00139$:
                                   1183 ;smram.c:671: megaram_type = TYPE_UNK;
    000005A5 21 FF 00         [10] 1184 	ld	hl, #0x00ff
    000005A8 22r03r00         [16] 1185 	ld	(_megaram_type), hl
    000005AB C3rA9r06         [10] 1186 	jp	00309$
    000005AE                       1187 00180$:
                                   1188 ;smram.c:673: else if (to_upper(*params) == 'Y')
    000005AE E5               [11] 1189 	push	hl
    000005AF C5               [11] 1190 	push	bc
    000005B0 79               [ 4] 1191 	ld	a, c
    000005B1 CDr3Fr00         [17] 1192 	call	_to_upper
    000005B4 C1               [10] 1193 	pop	bc
    000005B5 E1               [10] 1194 	pop	hl
    000005B6 FE 59            [ 7] 1195 	cp	a, #0x59
    000005B8 20 08            [12] 1196 	jr	nz, 00177$
                                   1197 ;smram.c:675: presAB = TRUE;
    000005BA 21r06r00         [10] 1198 	ld	hl, #_presAB
    000005BD 36 01            [10] 1199 	ld	(hl), #0x01
    000005BF C3rA9r06         [10] 1200 	jp	00309$
    000005C2                       1201 00177$:
                                   1202 ;smram.c:677: else if (to_upper(*params) == 'X')
    000005C2 E5               [11] 1203 	push	hl
    000005C3 C5               [11] 1204 	push	bc
    000005C4 79               [ 4] 1205 	ld	a, c
    000005C5 CDr3Fr00         [17] 1206 	call	_to_upper
    000005C8 C1               [10] 1207 	pop	bc
    000005C9 E1               [10] 1208 	pop	hl
    000005CA FE 58            [ 7] 1209 	cp	a, #0x58
    000005CC 20 08            [12] 1210 	jr	nz, 00174$
                                   1211 ;smram.c:679: exitAfterLoad = TRUE;
    000005CE 21r0Br00         [10] 1212 	ld	hl, #_exitAfterLoad
    000005D1 36 01            [10] 1213 	ld	(hl), #0x01
    000005D3 C3rA9r06         [10] 1214 	jp	00309$
    000005D6                       1215 00174$:
                                   1216 ;smram.c:681: else if (to_upper(*params) == 'W')
    000005D6 E5               [11] 1217 	push	hl
    000005D7 C5               [11] 1218 	push	bc
    000005D8 79               [ 4] 1219 	ld	a, c
    000005D9 CDr3Fr00         [17] 1220 	call	_to_upper
    000005DC C1               [10] 1221 	pop	bc
    000005DD E1               [10] 1222 	pop	hl
    000005DE FE 57            [ 7] 1223 	cp	a, #0x57
    000005E0 20 60            [12] 1224 	jr	nz, 00171$
                                   1225 ;smram.c:684: uint parsedAddress = 0;
    000005E2 01 00 00         [10] 1226 	ld	bc, #0x0000
                                   1227 ;smram.c:686: stepDebug = TRUE;
    000005E5 21r0Cr00         [10] 1228 	ld	hl, #_stepDebug
    000005E8 36 01            [10] 1229 	ld	(hl), #0x01
                                   1230 ;smram.c:687: while (digits < 4) {
    000005EA 1E 00            [ 7] 1231 	ld	e, #0x00
    000005EC                       1232 00152$:
    000005EC 7B               [ 4] 1233 	ld	a, e
    000005ED D6 04            [ 7] 1234 	sub	a, #0x04
    000005EF 30 41            [12] 1235 	jr	nc, 00154$
                                   1236 ;smram.c:603: params++;
    000005F1 2Ar08r00         [16] 1237 	ld	hl, (_params)
    000005F4 23               [ 6] 1238 	inc	hl
                                   1239 ;smram.c:688: char digit = to_upper(*(params + 1));
    000005F5 7E               [ 7] 1240 	ld	a, (hl)
    000005F6 E5               [11] 1241 	push	hl
    000005F7 C5               [11] 1242 	push	bc
    000005F8 D5               [11] 1243 	push	de
    000005F9 CDr3Fr00         [17] 1244 	call	_to_upper
    000005FC D1               [10] 1245 	pop	de
    000005FD C1               [10] 1246 	pop	bc
    000005FE E1               [10] 1247 	pop	hl
                                   1248 ;smram.c:692: value = digit - '0';
    000005FF 57               [ 4] 1249 	ld	d, a
                                   1250 ;smram.c:691: if (digit >= '0' && digit <= '9')
    00000600 FE 30            [ 7] 1251 	cp	a, #0x30
    00000602 38 0A            [12] 1252 	jr	c, 00149$
    00000604 FE 3A            [ 7] 1253 	cp	a, #0x3a
    00000606 30 06            [12] 1254 	jr	nc, 00149$
                                   1255 ;smram.c:692: value = digit - '0';
    00000608 7A               [ 4] 1256 	ld	a, d
    00000609 C6 D0            [ 7] 1257 	add	a, #0xd0
    0000060B 57               [ 4] 1258 	ld	d, a
    0000060C 18 0C            [12] 1259 	jr	00150$
    0000060E                       1260 00149$:
                                   1261 ;smram.c:693: else if (digit >= 'A' && digit <= 'F')
    0000060E FE 41            [ 7] 1262 	cp	a, #0x41
    00000610 38 20            [12] 1263 	jr	c, 00154$
    00000612 FE 47            [ 7] 1264 	cp	a, #0x47
    00000614 30 1C            [12] 1265 	jr	nc, 00154$
                                   1266 ;smram.c:694: value = digit - 'A' + 10;
    00000616 7A               [ 4] 1267 	ld	a, d
    00000617 C6 C9            [ 7] 1268 	add	a, #0xc9
    00000619 57               [ 4] 1269 	ld	d, a
                                   1270 ;smram.c:696: break;
    0000061A                       1271 00150$:
                                   1272 ;smram.c:698: parsedAddress = (parsedAddress << 4) | value;
    0000061A 79               [ 4] 1273 	ld	a, c
    0000061B 87               [ 4] 1274 	add	a, a
    0000061C CB 10            [ 8] 1275 	rl	b
    0000061E 87               [ 4] 1276 	add	a, a
    0000061F CB 10            [ 8] 1277 	rl	b
    00000621 87               [ 4] 1278 	add	a, a
    00000622 CB 10            [ 8] 1279 	rl	b
    00000624 87               [ 4] 1280 	add	a, a
    00000625 CB 10            [ 8] 1281 	rl	b
    00000627 4A               [ 4] 1282 	ld	c, d
    00000628 16 00            [ 7] 1283 	ld	d, #0x00
    0000062A B1               [ 4] 1284 	or	a, c
    0000062B 4F               [ 4] 1285 	ld	c, a
                                   1286 ;smram.c:699: params++;
    0000062C 22r08r00         [16] 1287 	ld	(_params), hl
                                   1288 ;smram.c:700: digits++;
    0000062F 1C               [ 4] 1289 	inc	e
    00000630 18 BA            [12] 1290 	jr	00152$
    00000632                       1291 00154$:
                                   1292 ;smram.c:706: if (digits == 4) {
    00000632 7B               [ 4] 1293 	ld	a, e
    00000633 D6 04            [ 7] 1294 	sub	a, #0x04
    00000635 20 72            [12] 1295 	jr	nz, 00309$
                                   1296 ;smram.c:707: breakpointAddress = parsedAddress;
    00000637 ED 43r19r01      [20] 1297 	ld	(_breakpointAddress), bc
                                   1298 ;smram.c:708: breakpointAddressSpecified = TRUE;
    0000063B 21r0Dr00         [10] 1299 	ld	hl, #_breakpointAddressSpecified
    0000063E 36 01            [10] 1300 	ld	(hl), #0x01
    00000640 18 67            [12] 1301 	jr	00309$
    00000642                       1302 00171$:
                                   1303 ;smram.c:712: else if (to_upper(*params) == 'Z')
    00000642 E5               [11] 1304 	push	hl
    00000643 C5               [11] 1305 	push	bc
    00000644 79               [ 4] 1306 	ld	a, c
    00000645 CDr3Fr00         [17] 1307 	call	_to_upper
    00000648 C1               [10] 1308 	pop	bc
    00000649 E1               [10] 1309 	pop	hl
    0000064A FE 5A            [ 7] 1310 	cp	a, #0x5a
    0000064C 20 16            [12] 1311 	jr	nz, 00168$
                                   1312 ;smram.c:714: params++;
    0000064E 22r08r00         [16] 1313 	ld	(_params), hl
                                   1314 ;smram.c:597: for(params = (char*)0x81; *params != 0 || paramlen == 0; ++params, paramlen--)
    00000651 2Ar08r00         [16] 1315 	ld	hl, (_params)
    00000654 7E               [ 7] 1316 	ld	a, (hl)
                                   1317 ;smram.c:715: if (*params >= '0' && *params <= '3')
    00000655 FE 30            [ 7] 1318 	cp	a, #0x30
    00000657 38 50            [12] 1319 	jr	c, 00309$
    00000659 FE 34            [ 7] 1320 	cp	a, #0x34
    0000065B 30 4C            [12] 1321 	jr	nc, 00309$
                                   1322 ;smram.c:716: cpumode = *params - '0';
    0000065D C6 D0            [ 7] 1323 	add	a, #0xd0
    0000065F 32r0Er00         [13] 1324 	ld	(#_cpumode), a
    00000662 18 45            [12] 1325 	jr	00309$
    00000664                       1326 00168$:
                                   1327 ;smram.c:718: else if (to_upper(*params) == '?')
    00000664 C5               [11] 1328 	push	bc
    00000665 79               [ 4] 1329 	ld	a, c
    00000666 CDr3Fr00         [17] 1330 	call	_to_upper
    00000669 C1               [10] 1331 	pop	bc
    0000066A FE 3F            [ 7] 1332 	cp	a, #0x3f
    0000066C 20 07            [12] 1333 	jr	nz, 00161$
                                   1334 ;smram.c:720: help = TRUE;
    0000066E 21r11r00         [10] 1335 	ld	hl, #_help
    00000671 36 01            [10] 1336 	ld	(hl), #0x01
    00000673 18 34            [12] 1337 	jr	00309$
                                   1338 ;smram.c:725: while(*params++ != 0 && *params != ' ');
    00000675                       1339 00161$:
    00000675 2Ar08r00         [16] 1340 	ld	hl, (_params)
    00000678 23               [ 6] 1341 	inc	hl
    00000679 22r08r00         [16] 1342 	ld	(_params), hl
    0000067C 79               [ 4] 1343 	ld	a, c
    0000067D B7               [ 4] 1344 	or	a, a
    0000067E 28 29            [12] 1345 	jr	z, 00309$
                                   1346 ;smram.c:597: for(params = (char*)0x81; *params != 0 || paramlen == 0; ++params, paramlen--)
    00000680 2Ar08r00         [16] 1347 	ld	hl, (_params)
    00000683 4E               [ 7] 1348 	ld	c, (hl)
                                   1349 ;smram.c:725: while(*params++ != 0 && *params != ' ');
    00000684 79               [ 4] 1350 	ld	a, c
    00000685 D6 20            [ 7] 1351 	sub	a, #0x20
    00000687 28 20            [12] 1352 	jr	z, 00309$
    00000689 18 EA            [12] 1353 	jr	00161$
    0000068B                       1354 00202$:
                                   1355 ;smram.c:730: filename = params;
    0000068B ED 43r01r00      [20] 1356 	ld	(_filename), bc
                                   1357 ;smram.c:731: while(*params != 0 && *params != ' ') {
    0000068F                       1358 00198$:
                                   1359 ;smram.c:597: for(params = (char*)0x81; *params != 0 || paramlen == 0; ++params, paramlen--)
    0000068F 2Ar08r00         [16] 1360 	ld	hl, (_params)
    00000692 7E               [ 7] 1361 	ld	a, (hl)
                                   1362 ;smram.c:731: while(*params != 0 && *params != ' ') {
    00000693 B7               [ 4] 1363 	or	a, a
    00000694 28 27            [12] 1364 	jr	z, 00209$
    00000696 FE 20            [ 7] 1365 	cp	a, #0x20
    00000698 28 23            [12] 1366 	jr	z, 00209$
                                   1367 ;smram.c:732: *params = to_upper(*params);
    0000069A E5               [11] 1368 	push	hl
    0000069B CDr3Fr00         [17] 1369 	call	_to_upper
    0000069E E1               [10] 1370 	pop	hl
    0000069F 77               [ 7] 1371 	ld	(hl), a
                                   1372 ;smram.c:733: params++;
    000006A0 2Ar08r00         [16] 1373 	ld	hl, (_params)
    000006A3 23               [ 6] 1374 	inc	hl
    000006A4 22r08r00         [16] 1375 	ld	(_params), hl
    000006A7 18 E6            [12] 1376 	jr	00198$
                                   1377 ;smram.c:736: break;
    000006A9                       1378 00309$:
                                   1379 ;smram.c:597: for(params = (char*)0x81; *params != 0 || paramlen == 0; ++params, paramlen--)
    000006A9 2Ar08r00         [16] 1380 	ld	hl, (_params)
    000006AC 23               [ 6] 1381 	inc	hl
    000006AD 22r08r00         [16] 1382 	ld	(_params), hl
    000006B0 21r05r00         [10] 1383 	ld	hl, #_paramlen
    000006B3 35               [11] 1384 	dec	(hl)
    000006B4 C3r3Cr04         [10] 1385 	jp	00308$
    000006B7                       1386 00208$:
                                   1387 ;smram.c:741: } else megaram_type = TYPE_UNK;
    000006B7 21 FF 00         [10] 1388 	ld	hl, #0x00ff
    000006BA 22r03r00         [16] 1389 	ld	(_megaram_type), hl
    000006BD                       1390 00209$:
                                   1391 ;smram.c:743: if (!found) 
    000006BD 3Ar00r00         [13] 1392 	ld	a, (_found+0)
    000006C0 B7               [ 4] 1393 	or	a, a
    000006C1 20 0C            [12] 1394 	jr	nz, 00214$
                                   1395 ;smram.c:745: printf("ERROR: WonderTANG! not found...\n\r");
    000006C3 21r2Dr0C         [10] 1396 	ld	hl, #___str_11
    000006C6 E5               [11] 1397 	push	hl
    000006C7 CDr00r00         [17] 1398 	call	_printf
    000006CA F1               [10] 1399 	pop	af
                                   1400 ;smram.c:746: return 0;
    000006CB 11 00 00         [10] 1401 	ld	de, #0x0000
    000006CE C9               [10] 1402 	ret
    000006CF                       1403 00214$:
                                   1404 ;smram.c:749: if (help == TRUE || megaram_type == TYPE_UNK)
    000006CF 3Ar11r00         [13] 1405 	ld	a, (_help)
    000006D2 3D               [ 4] 1406 	dec	a
    000006D3 28 0A            [12] 1407 	jr	z, 00210$
    000006D5 3Ar03r00         [13] 1408 	ld	a, (_megaram_type)
    000006D8 3C               [ 4] 1409 	inc	a
    000006D9 21r04r00         [10] 1410 	ld	hl, #_megaram_type + 1
    000006DC B6               [ 7] 1411 	or	a, (hl)
    000006DD 20 0C            [12] 1412 	jr	nz, 00215$
    000006DF                       1413 00210$:
                                   1414 ;smram.c:771: );
    000006DF 21r4Fr0C         [10] 1415 	ld	hl, #___str_12
    000006E2 E5               [11] 1416 	push	hl
    000006E3 CDr00r00         [17] 1417 	call	_printf
    000006E6 F1               [10] 1418 	pop	af
                                   1419 ;smram.c:772: return 0;
    000006E7 11 00 00         [10] 1420 	ld	de, #0x0000
    000006EA C9               [10] 1421 	ret
    000006EB                       1422 00215$:
                                   1423 ;smram.c:775: if (filename == 0) {        
    000006EB 3Ar02r00         [13] 1424 	ld	a, (_filename+1)
    000006EE 21r01r00         [10] 1425 	ld	hl, #_filename
    000006F1 B6               [ 7] 1426 	or	a, (hl)
    000006F2 20 16            [12] 1427 	jr	nz, 00219$
                                   1428 ;smram.c:776: print_mapper_type();
    000006F4 CDr0Fr02         [17] 1429 	call	_print_mapper_type
                                   1430 ;smram.c:777: if (megaram_type != TYPE_UNK)
    000006F7 3Ar03r00         [13] 1431 	ld	a, (_megaram_type)
    000006FA 3C               [ 4] 1432 	inc	a
    000006FB 21r04r00         [10] 1433 	ld	hl, #_megaram_type + 1
    000006FE B6               [ 7] 1434 	or	a, (hl)
    000006FF 28 05            [12] 1435 	jr	z, 00217$
                                   1436 ;smram.c:778: MEGA_PORT1 = megaram_type;    
    00000701 3Ar03r00         [13] 1437 	ld	a, (_megaram_type+0)
    00000704 D3 8F            [11] 1438 	out	(_MEGA_PORT1), a
    00000706                       1439 00217$:
                                   1440 ;smram.c:779: return 0;
    00000706 11 00 00         [10] 1441 	ld	de, #0x0000
    00000709 C9               [10] 1442 	ret
    0000070A                       1443 00219$:
                                   1444 ;smram.c:782: for(t = filename; *t != ' ' && *t != 0; t++);
    0000070A 2Ar01r00         [16] 1445 	ld	hl, (_filename)
    0000070D 22r06r00         [16] 1446 	ld	(_t), hl
    00000710                       1447 00312$:
                                   1448 ;smram.c:571: if (*s++ != *t++) break;
    00000710 2Ar06r00         [16] 1449 	ld	hl, (_t)
                                   1450 ;smram.c:782: for(t = filename; *t != ' ' && *t != 0; t++);
    00000713 7E               [ 7] 1451 	ld	a, (hl)
    00000714 FE 20            [ 7] 1452 	cp	a, #0x20
    00000716 28 0C            [12] 1453 	jr	z, 00220$
    00000718 B7               [ 4] 1454 	or	a, a
    00000719 28 09            [12] 1455 	jr	z, 00220$
    0000071B 2Ar06r00         [16] 1456 	ld	hl, (_t)
    0000071E 23               [ 6] 1457 	inc	hl
    0000071F 22r06r00         [16] 1458 	ld	(_t), hl
    00000722 18 EC            [12] 1459 	jr	00312$
    00000724                       1460 00220$:
                                   1461 ;smram.c:783: *t = 0;
    00000724 36 00            [10] 1462 	ld	(hl), #0x00
                                   1463 ;smram.c:784: handle = dos2_open(0, filename);
    00000726 ED 5Br01r00      [20] 1464 	ld	de, (_filename)
    0000072A AF               [ 4] 1465 	xor	a, a
    0000072B CDr89r00         [17] 1466 	call	_dos2_open
    0000072E 32r0Ar00         [13] 1467 	ld	(#_handle), a
                                   1468 ;smram.c:786: MEGA_PORT1 = TYPE_K4;
    00000731 3E 04            [ 7] 1469 	ld	a, #0x04
    00000733 D3 8F            [11] 1470 	out	(_MEGA_PORT1), a
                                   1471 ;smram.c:788: if (handle)
    00000735 3Ar0Ar00         [13] 1472 	ld	a, (_handle+0)
    00000738 B7               [ 4] 1473 	or	a, a
    00000739 CAr81r08         [10] 1474 	jp	z, 00240$
                                   1475 ;smram.c:790: printf("Loading ROM file: %s - ", filename);
    0000073C 01r7Fr0E         [10] 1476 	ld	bc, #___str_13+0
    0000073F 2Ar01r00         [16] 1477 	ld	hl, (_filename)
    00000742 E5               [11] 1478 	push	hl
    00000743 C5               [11] 1479 	push	bc
    00000744 CDr00r00         [17] 1480 	call	_printf
    00000747 F1               [10] 1481 	pop	af
    00000748 F1               [10] 1482 	pop	af
                                   1483 ;smram.c:792: enaslt(sslt, 0x4000);
    00000749 11 00 40         [10] 1484 	ld	de, #0x4000
    0000074C 3Ar02r00         [13] 1485 	ld	a, (_sslt)
    0000074F CDr48r00         [17] 1486 	call	_enaslt
                                   1487 ;smram.c:793: page = 0;
                                   1488 ;smram.c:794: loadpage = 0;
    00000752 AF               [ 4] 1489 	xor	a, a
    00000753 32r11r00         [13] 1490 	ld	(#_page), a
    00000756 32r10r00         [13] 1491 	ld	(#_loadpage), a
                                   1492 ;smram.c:795: romsize = 0;
    00000759 AF               [ 4] 1493 	xor	a, a
    0000075A 32r12r00         [13] 1494 	ld	(_romsize+0), a
    0000075D 32r13r00         [13] 1495 	ld	(_romsize+1), a
    00000760 32r14r00         [13] 1496 	ld	(_romsize+2), a
    00000763 32r15r00         [13] 1497 	ld	(_romsize+3), a
                                   1498 ;smram.c:796: printf("%04dKB", 0);
    00000766 21 00 00         [10] 1499 	ld	hl, #0x0000
    00000769 E5               [11] 1500 	push	hl
    0000076A 21r97r0E         [10] 1501 	ld	hl, #___str_14
    0000076D E5               [11] 1502 	push	hl
    0000076E CDr00r00         [17] 1503 	call	_printf
    00000771 F1               [10] 1504 	pop	af
    00000772 F1               [10] 1505 	pop	af
                                   1506 ;smram.c:798: do {
    00000773                       1507 00236$:
                                   1508 ;smram.c:799: bytes_read = dos2_read(handle, (void*)0x8000, 0x2000);
    00000773 21 00 20         [10] 1509 	ld	hl, #0x2000
    00000776 E5               [11] 1510 	push	hl
    00000777 11 00 80         [10] 1511 	ld	de, #0x8000
    0000077A 3Ar0Ar00         [13] 1512 	ld	a, (_handle)
    0000077D CDrA4r00         [17] 1513 	call	_dos2_read
    00000780 ED 53r0Br00      [20] 1514 	ld	(_bytes_read), de
                                   1515 ;smram.c:804: if ((romsize & 0x3FFFUL) == 0 && bytes_read >= 4 &&
    00000784 3Ar12r00         [13] 1516 	ld	a, (_romsize+0)
    00000787 B7               [ 4] 1517 	or	a, a
    00000788 20 7B            [12] 1518 	jr	nz, 00230$
    0000078A 3Ar13r00         [13] 1519 	ld	a, (_romsize+1)
    0000078D E6 3F            [ 7] 1520 	and	a, #0x3f
    0000078F 20 74            [12] 1521 	jr	nz, 00230$
    00000791 11 04 00         [10] 1522 	ld	de, #0x0004
    00000794 2Ar0Br00         [16] 1523 	ld	hl, (_bytes_read)
    00000797 BF               [ 4] 1524 	cp	a, a
    00000798 ED 52            [15] 1525 	sbc	hl, de
    0000079A 38 69            [12] 1526 	jr	c, 00230$
                                   1527 ;smram.c:805: *((uchar*)0x8000) == 'A' &&
    0000079C 3A 00 80         [13] 1528 	ld	a, (#0x8000)
    0000079F FE 41            [ 7] 1529 	cp	a, #0x41
    000007A1 20 62            [12] 1530 	jr	nz, 00230$
                                   1531 ;smram.c:806: *((uchar*)0x8001) == 'B')
    000007A3 3A 01 80         [13] 1532 	ld	a, (#0x8001)
    000007A6 FE 42            [ 7] 1533 	cp	a, #0x42
    000007A8 20 5B            [12] 1534 	jr	nz, 00230$
                                   1535 ;smram.c:808: if (!presAB)
    000007AA 3Ar06r00         [13] 1536 	ld	a, (_presAB+0)
    000007AD B7               [ 4] 1537 	or	a, a
    000007AE 20 05            [12] 1538 	jr	nz, 00222$
                                   1539 ;smram.c:809: *((uchar*)0x8000) = 0; // remove AB header from image
    000007B0 21 00 80         [10] 1540 	ld	hl, #0x8000
    000007B3 36 00            [10] 1541 	ld	(hl), #0x00
    000007B5                       1542 00222$:
                                   1543 ;smram.c:811: if (!linearHeaderValid)
    000007B5 3Ar0Ar00         [13] 1544 	ld	a, (_linearHeaderValid+0)
    000007B8 B7               [ 4] 1545 	or	a, a
    000007B9 20 11            [12] 1546 	jr	nz, 00224$
                                   1547 ;smram.c:813: linearHeaderValid = TRUE;
    000007BB 21r0Ar00         [10] 1548 	ld	hl, #_linearHeaderValid
    000007BE 36 01            [10] 1549 	ld	(hl), #0x01
                                   1550 ;smram.c:814: linearRomstart = *((uint*)0x8002);
    000007C0 21 02 80         [10] 1551 	ld	hl, #0x8002
    000007C3 7E               [ 7] 1552 	ld	a, (hl)
    000007C4 23               [ 6] 1553 	inc	hl
    000007C5 32r1Br01         [13] 1554 	ld	(_linearRomstart+0), a
    000007C8 7E               [ 7] 1555 	ld	a, (hl)
    000007C9 32r1Cr01         [13] 1556 	ld	(_linearRomstart+1), a
    000007CC                       1557 00224$:
                                   1558 ;smram.c:817: if (romsize == 0)
    000007CC 3Ar15r00         [13] 1559 	ld	a, (_romsize+3)
    000007CF FD 21r12r00      [14] 1560 	ld	iy, #_romsize
    000007D3 FD B6 02         [19] 1561 	or	a, 2 (iy)
    000007D6 FD B6 01         [19] 1562 	or	a, 1 (iy)
    000007D9 FD B6 00         [19] 1563 	or	a, 0 (iy)
    000007DC 20 27            [12] 1564 	jr	nz, 00230$
                                   1565 ;smram.c:819: headerValid = TRUE;
    000007DE 21r09r00         [10] 1566 	ld	hl, #_headerValid
    000007E1 36 01            [10] 1567 	ld	(hl), #0x01
                                   1568 ;smram.c:820: romstart = *((uint*)0x8002);
    000007E3 21 02 80         [10] 1569 	ld	hl, #0x8002
    000007E6 7E               [ 7] 1570 	ld	a, (hl)
    000007E7 23               [ 6] 1571 	inc	hl
    000007E8 32r17r01         [13] 1572 	ld	(_romstart+0), a
    000007EB 7E               [ 7] 1573 	ld	a, (hl)
    000007EC 32r18r01         [13] 1574 	ld	(_romstart+1), a
                                   1575 ;smram.c:822: if (megaram_type == TYPE_LINEAR)
    000007EF 3Ar03r00         [13] 1576 	ld	a, (_megaram_type)
    000007F2 D6 02            [ 7] 1577 	sub	a, #0x02
    000007F4 21r04r00         [10] 1578 	ld	hl, #_megaram_type + 1
    000007F7 B6               [ 7] 1579 	or	a, (hl)
    000007F8 20 0B            [12] 1580 	jr	nz, 00230$
                                   1581 ;smram.c:823: loadpage = (uchar)((romstart >> 13) & 0xFE);
    000007FA 3Ar18r01         [13] 1582 	ld	a, (_romstart+1)
    000007FD 07               [ 4] 1583 	rlca
    000007FE 07               [ 4] 1584 	rlca
    000007FF 07               [ 4] 1585 	rlca
    00000800 E6 06            [ 7] 1586 	and	a, #0x6
    00000802 32r10r00         [13] 1587 	ld	(#_loadpage), a
    00000805                       1588 00230$:
                                   1589 ;smram.c:827: if (bytes_read > 0)
    00000805 3Ar0Cr00         [13] 1590 	ld	a, (_bytes_read+1)
    00000808 21r0Br00         [10] 1591 	ld	hl, #_bytes_read
    0000080B B6               [ 7] 1592 	or	a, (hl)
    0000080C 28 3F            [12] 1593 	jr	z, 00235$
                                   1594 ;smram.c:829: MEGA_PORT0 = 0; // enable paging
    0000080E AF               [ 4] 1595 	xor	a, a
    0000080F D3 8E            [11] 1596 	out	(_MEGA_PORT0), a
                                   1597 ;smram.c:830: *((uchar *)0x4000) = loadpage + page;
    00000811 21r11r00         [10] 1598 	ld	hl, #_page
    00000814 3Ar10r00         [13] 1599 	ld	a, (_loadpage+0)
    00000817 86               [ 7] 1600 	add	a, (hl)
    00000818 32 00 40         [13] 1601 	ld	(#0x4000), a
                                   1602 ;smram.c:831: b = MEGA_PORT0; (b); // enable ram
    0000081B DB 8E            [11] 1603 	in	a, (_MEGA_PORT0)
    0000081D 32r03r00         [13] 1604 	ld	(#_b), a
                                   1605 ;smram.c:832: memcpy((void*)0x4000, (void*)0x8000, bytes_read);
    00000820 11 00 40         [10] 1606 	ld	de, #0x4000
    00000823 21 00 80         [10] 1607 	ld	hl, #0x8000
    00000826 ED 4Br0Br00      [20] 1608 	ld	bc, (_bytes_read)
    0000082A 78               [ 4] 1609 	ld	a, b
    0000082B B1               [ 4] 1610 	or	a, c
    0000082C 28 02            [12] 1611 	jr	z, 01292$
    0000082E ED B0            [21] 1612 	ldir
    00000830                       1613 01292$:
                                   1614 ;smram.c:833: romsize += bytes_read;
    00000830 ED 4Br0Br00      [20] 1615 	ld	bc, (_bytes_read)
    00000834 11 00 00         [10] 1616 	ld	de, #0x0000
    00000837 79               [ 4] 1617 	ld	a, c
    00000838 21r12r00         [10] 1618 	ld	hl, #_romsize
    0000083B 86               [ 7] 1619 	add	a, (hl)
    0000083C 77               [ 7] 1620 	ld	(hl), a
    0000083D 23               [ 6] 1621 	inc	hl
    0000083E 78               [ 4] 1622 	ld	a, b
    0000083F 8E               [ 7] 1623 	adc	a, (hl)
    00000840 77               [ 7] 1624 	ld	(hl), a
    00000841 23               [ 6] 1625 	inc	hl
    00000842 7B               [ 4] 1626 	ld	a, e
    00000843 8E               [ 7] 1627 	adc	a, (hl)
    00000844 77               [ 7] 1628 	ld	(hl), a
    00000845 23               [ 6] 1629 	inc	hl
    00000846 7A               [ 4] 1630 	ld	a, d
    00000847 8E               [ 7] 1631 	adc	a, (hl)
    00000848 77               [ 7] 1632 	ld	(hl), a
                                   1633 ;smram.c:834: page++;
    00000849 21r11r00         [10] 1634 	ld	hl, #_page
    0000084C 34               [11] 1635 	inc	(hl)
    0000084D                       1636 00235$:
                                   1637 ;smram.c:836: MEGA_PORT0 = 0; // enable paging
    0000084D AF               [ 4] 1638 	xor	a, a
    0000084E D3 8E            [11] 1639 	out	(_MEGA_PORT0), a
                                   1640 ;smram.c:837: printf("\b\b\b\b\b\b%04dKB", (uint)(romsize >> 10));
    00000850 2Ar13r00         [16] 1641 	ld	hl, (_romsize + 1)
    00000853 3Ar15r00         [13] 1642 	ld	a, (_romsize+3)
    00000856 06 02            [ 7] 1643 	ld	b, #0x02
    00000858                       1644 01293$:
    00000858 CB 3F            [ 8] 1645 	srl	a
    0000085A CB 1C            [ 8] 1646 	rr	h
    0000085C CB 1D            [ 8] 1647 	rr	l
    0000085E 10 F8            [13] 1648 	djnz	01293$
    00000860 E5               [11] 1649 	push	hl
    00000861 21r9Er0E         [10] 1650 	ld	hl, #___str_15
    00000864 E5               [11] 1651 	push	hl
    00000865 CDr00r00         [17] 1652 	call	_printf
    00000868 F1               [10] 1653 	pop	af
    00000869 F1               [10] 1654 	pop	af
                                   1655 ;smram.c:839: } while (bytes_read > 0);
    0000086A 3Ar0Cr00         [13] 1656 	ld	a, (_bytes_read+1)
    0000086D 21r0Br00         [10] 1657 	ld	hl, #_bytes_read
    00000870 B6               [ 7] 1658 	or	a, (hl)
    00000871 C2r73r07         [10] 1659 	jp	nz, 00236$
                                   1660 ;smram.c:841: *((uchar *)0x4000) = 0;
    00000874 21 00 40         [10] 1661 	ld	hl, #0x4000
    00000877 36 00            [10] 1662 	ld	(hl), #0x00
                                   1663 ;smram.c:843: dos2_close(handle);
    00000879 3Ar0Ar00         [13] 1664 	ld	a, (_handle)
    0000087C CDr9Br00         [17] 1665 	call	_dos2_close
    0000087F 18 22            [12] 1666 	jr	00241$
    00000881                       1667 00240$:
                                   1668 ;smram.c:847: enaslt(*((uchar*)RAMAD1), 0x4000);
    00000881 3A 42 F3         [13] 1669 	ld	a, (#0xf342)
    00000884 11 00 40         [10] 1670 	ld	de, #0x4000
    00000887 CDr48r00         [17] 1671 	call	_enaslt
                                   1672 ;smram.c:848: enaslt(*((uchar*)RAMAD2), 0x8000);
    0000088A 3A 43 F3         [13] 1673 	ld	a, (#0xf343)
    0000088D 11 00 80         [10] 1674 	ld	de, #0x8000
    00000890 CDr48r00         [17] 1675 	call	_enaslt
                                   1676 ;smram.c:849: printf("ERROR: Failed loading %s\n\r", filename);
    00000893 2Ar01r00         [16] 1677 	ld	hl, (_filename)
    00000896 E5               [11] 1678 	push	hl
    00000897 21rABr0E         [10] 1679 	ld	hl, #___str_16
    0000089A E5               [11] 1680 	push	hl
    0000089B CDr00r00         [17] 1681 	call	_printf
    0000089E F1               [10] 1682 	pop	af
    0000089F F1               [10] 1683 	pop	af
                                   1684 ;smram.c:850: __asm jp 0x0000 __endasm;
    000008A0 C3 00 00         [10] 1685 	jp	0x0000 
    000008A3                       1686 00241$:
                                   1687 ;smram.c:852: *t = ' '; // restore space
    000008A3 2Ar06r00         [16] 1688 	ld	hl, (_t)
    000008A6 36 20            [10] 1689 	ld	(hl), #0x20
                                   1690 ;smram.c:854: if (!mapperSpecified && romsize <= 0x10000UL)
    000008A8 3Ar08r00         [13] 1691 	ld	a, (_mapperSpecified+0)
    000008AB B7               [ 4] 1692 	or	a,a
    000008AC 20 2C            [12] 1693 	jr	nz, 00245$
    000008AE FD 21r12r00      [14] 1694 	ld	iy, #_romsize
    000008B2 FD BE 00         [19] 1695 	cp	a, 0 (iy)
    000008B5 FD 9E 01         [19] 1696 	sbc	a, 1 (iy)
    000008B8 ED 5Br14r00      [20] 1697 	ld	de, (_romsize + 2)
    000008BC 21 01 00         [10] 1698 	ld	hl, #0x0001
    000008BF ED 52            [15] 1699 	sbc	hl, de
    000008C1 38 17            [12] 1700 	jr	c, 00245$
                                   1701 ;smram.c:856: megaram_type = TYPE_LINEAR;
    000008C3 21 02 00         [10] 1702 	ld	hl, #0x0002
    000008C6 22r03r00         [16] 1703 	ld	(_megaram_type), hl
                                   1704 ;smram.c:857: if (headerValid)
    000008C9 3Ar09r00         [13] 1705 	ld	a, (_headerValid+0)
    000008CC B7               [ 4] 1706 	or	a, a
    000008CD 28 0B            [12] 1707 	jr	z, 00245$
                                   1708 ;smram.c:858: loadpage = (uchar)((romstart >> 13) & 0xFE);
    000008CF 3Ar18r01         [13] 1709 	ld	a, (_romstart+1)
    000008D2 07               [ 4] 1710 	rlca
    000008D3 07               [ 4] 1711 	rlca
    000008D4 07               [ 4] 1712 	rlca
    000008D5 E6 06            [ 7] 1713 	and	a, #0x6
    000008D7 32r10r00         [13] 1714 	ld	(#_loadpage), a
    000008DA                       1715 00245$:
                                   1716 ;smram.c:861: if (megaram_type == TYPE_LINEAR)
    000008DA 3Ar03r00         [13] 1717 	ld	a, (_megaram_type)
    000008DD D6 02            [ 7] 1718 	sub	a, #0x02
    000008DF 21r04r00         [10] 1719 	ld	hl, #_megaram_type + 1
    000008E2 B6               [ 7] 1720 	or	a, (hl)
    000008E3 C2rE5r09         [10] 1721 	jp	nz, 00258$
                                   1722 ;smram.c:863: if (!linearHeaderValid)
    000008E6 3Ar0Ar00         [13] 1723 	ld	a, (_linearHeaderValid+0)
    000008E9 B7               [ 4] 1724 	or	a, a
    000008EA 20 1D            [12] 1725 	jr	nz, 00248$
                                   1726 ;smram.c:865: enaslt(*((uchar*)RAMAD1), 0x4000);
    000008EC 3A 42 F3         [13] 1727 	ld	a, (#0xf342)
    000008EF 11 00 40         [10] 1728 	ld	de, #0x4000
    000008F2 CDr48r00         [17] 1729 	call	_enaslt
                                   1730 ;smram.c:866: enaslt(*((uchar*)RAMAD2), 0x8000);
    000008F5 3A 43 F3         [13] 1731 	ld	a, (#0xf343)
    000008F8 11 00 80         [10] 1732 	ld	de, #0x8000
    000008FB CDr48r00         [17] 1733 	call	_enaslt
                                   1734 ;smram.c:868: printf("ERROR: LINEAR ROM has no AB header\n\r");
    000008FE 21rC6r0E         [10] 1735 	ld	hl, #___str_17
    00000901 E5               [11] 1736 	push	hl
    00000902 CDr00r00         [17] 1737 	call	_printf
    00000905 F1               [10] 1738 	pop	af
                                   1739 ;smram.c:870: __asm jp 0x0000 __endasm;
    00000906 C3 00 00         [10] 1740 	jp	0x0000 
    00000909                       1741 00248$:
                                   1742 ;smram.c:876: romstart = linearRomstart;
    00000909 2Ar1Br01         [16] 1743 	ld	hl, (_linearRomstart)
    0000090C 22r17r01         [16] 1744 	ld	(_romstart), hl
                                   1745 ;smram.c:877: if (romsize + ((ulong)loadpage << 13) > 0x10000UL)
    0000090F 3Ar10r00         [13] 1746 	ld	a, (_loadpage)
    00000912 4F               [ 4] 1747 	ld	c, a
    00000913 06 00            [ 7] 1748 	ld	b, #0x00
    00000915 11 00 00         [10] 1749 	ld	de, #0x0000
    00000918 53               [ 4] 1750 	ld	d, e
    00000919 58               [ 4] 1751 	ld	e, b
    0000091A 41               [ 4] 1752 	ld	b, c
    0000091B 3E 05            [ 7] 1753 	ld	a, #0x05
    0000091D                       1754 01297$:
    0000091D CB 20            [ 8] 1755 	sla	b
    0000091F CB 13            [ 8] 1756 	rl	e
    00000921 CB 12            [ 8] 1757 	rl	d
    00000923 3D               [ 4] 1758 	dec	a
    00000924 20 F7            [12] 1759 	jr	nz, 01297$
    00000926 3Ar12r00         [13] 1760 	ld	a, (#_romsize + 0)
    00000929 4F               [ 4] 1761 	ld	c, a
    0000092A 3Ar13r00         [13] 1762 	ld	a, (_romsize+1)
    0000092D 80               [ 4] 1763 	add	a, b
    0000092E 47               [ 4] 1764 	ld	b, a
    0000092F 3Ar14r00         [13] 1765 	ld	a, (_romsize+2)
    00000932 8B               [ 4] 1766 	adc	a, e
    00000933 5F               [ 4] 1767 	ld	e, a
    00000934 3Ar15r00         [13] 1768 	ld	a, (_romsize+3)
    00000937 8A               [ 4] 1769 	adc	a, d
    00000938 57               [ 4] 1770 	ld	d, a
    00000939 AF               [ 4] 1771 	xor	a, a
    0000093A B9               [ 4] 1772 	cp	a, c
    0000093B 98               [ 4] 1773 	sbc	a, b
    0000093C 21 01 00         [10] 1774 	ld	hl, #0x0001
    0000093F ED 52            [15] 1775 	sbc	hl, de
    00000941 30 2A            [12] 1776 	jr	nc, 00250$
                                   1777 ;smram.c:879: enaslt(*((uchar*)RAMAD1), 0x4000);
    00000943 3A 42 F3         [13] 1778 	ld	a, (#0xf342)
    00000946 11 00 40         [10] 1779 	ld	de, #0x4000
    00000949 CDr48r00         [17] 1780 	call	_enaslt
                                   1781 ;smram.c:880: enaslt(*((uchar*)RAMAD2), 0x8000);
    0000094C 3A 43 F3         [13] 1782 	ld	a, (#0xf343)
    0000094F 11 00 80         [10] 1783 	ld	de, #0x8000
    00000952 CDr48r00         [17] 1784 	call	_enaslt
                                   1785 ;smram.c:883: (uint)((uint)loadpage << 13));
    00000955 3Ar10r00         [13] 1786 	ld	a, (_loadpage)
    00000958 0F               [ 4] 1787 	rrca
    00000959 0F               [ 4] 1788 	rrca
    0000095A 0F               [ 4] 1789 	rrca
    0000095B E6 E0            [ 7] 1790 	and	a, #0xe0
    0000095D 57               [ 4] 1791 	ld	d, a
    0000095E 1E 00            [ 7] 1792 	ld	e, #0x00
                                   1793 ;smram.c:882: printf("ERROR: LINEAR ROM does not fit at 0x%04x\n\r",
    00000960 01rEBr0E         [10] 1794 	ld	bc, #___str_18+0
    00000963 D5               [11] 1795 	push	de
    00000964 C5               [11] 1796 	push	bc
    00000965 CDr00r00         [17] 1797 	call	_printf
    00000968 F1               [10] 1798 	pop	af
    00000969 F1               [10] 1799 	pop	af
                                   1800 ;smram.c:885: __asm jp 0x0000 __endasm;
    0000096A C3 00 00         [10] 1801 	jp	0x0000 
    0000096D                       1802 00250$:
                                   1803 ;smram.c:892: if (!mapperSpecified && loadpage != 0)
    0000096D 3Ar08r00         [13] 1804 	ld	a, (_mapperSpecified+0)
    00000970 B7               [ 4] 1805 	or	a, a
    00000971 20 72            [12] 1806 	jr	nz, 00258$
    00000973 3Ar10r00         [13] 1807 	ld	a, (_loadpage+0)
    00000976 B7               [ 4] 1808 	or	a, a
    00000977 28 6C            [12] 1809 	jr	z, 00258$
                                   1810 ;smram.c:894: page = (uchar)((romsize + 0x1FFFUL) >> 13);
    00000979 3Ar12r00         [13] 1811 	ld	a, (_romsize+0)
    0000097C C6 FF            [ 7] 1812 	add	a, #0xff
    0000097E 3Ar13r00         [13] 1813 	ld	a, (_romsize+1)
    00000981 CE 1F            [ 7] 1814 	adc	a, #0x1f
    00000983 57               [ 4] 1815 	ld	d, a
    00000984 3Ar14r00         [13] 1816 	ld	a, (_romsize+2)
    00000987 CE 00            [ 7] 1817 	adc	a, #0x00
    00000989 4F               [ 4] 1818 	ld	c, a
    0000098A 3Ar15r00         [13] 1819 	ld	a, (_romsize+3)
    0000098D CE 00            [ 7] 1820 	adc	a, #0x00
    0000098F 47               [ 4] 1821 	ld	b, a
    00000990 7A               [ 4] 1822 	ld	a, d
    00000991 58               [ 4] 1823 	ld	e, b
    00000992 06 05            [ 7] 1824 	ld	b, #0x05
    00000994                       1825 01299$:
    00000994 CB 3B            [ 8] 1826 	srl	e
    00000996 CB 19            [ 8] 1827 	rr	c
    00000998 CB 1F            [ 8] 1828 	rr	a
    0000099A 10 F8            [13] 1829 	djnz	01299$
    0000099C 32r11r00         [13] 1830 	ld	(_page), a
                                   1831 ;smram.c:895: while (page > 0)
    0000099F                       1832 00251$:
    0000099F 3Ar11r00         [13] 1833 	ld	a, (_page+0)
    000009A2 B7               [ 4] 1834 	or	a, a
    000009A3 28 3D            [12] 1835 	jr	z, 00253$
                                   1836 ;smram.c:897: page--;
    000009A5 21r11r00         [10] 1837 	ld	hl, #_page
    000009A8 35               [11] 1838 	dec	(hl)
                                   1839 ;smram.c:898: MEGA_PORT0 = 0;
    000009A9 AF               [ 4] 1840 	xor	a, a
    000009AA D3 8E            [11] 1841 	out	(_MEGA_PORT0), a
                                   1842 ;smram.c:899: *((uchar*)0x4000) = page;
    000009AC 21 00 40         [10] 1843 	ld	hl, #0x4000
    000009AF 3Ar11r00         [13] 1844 	ld	a, (_page)
    000009B2 77               [ 7] 1845 	ld	(hl), a
                                   1846 ;smram.c:900: b = MEGA_PORT0; (b);
    000009B3 DB 8E            [11] 1847 	in	a, (_MEGA_PORT0)
    000009B5 32r03r00         [13] 1848 	ld	(#_b), a
                                   1849 ;smram.c:901: memcpy((void*)0x8000, (void*)0x4000, 0x2000);
    000009B8 11 00 80         [10] 1850 	ld	de, #0x8000
    000009BB 21 00 40         [10] 1851 	ld	hl, #0x4000
    000009BE 01 00 20         [10] 1852 	ld	bc, #0x2000
    000009C1 ED B0            [21] 1853 	ldir
                                   1854 ;smram.c:903: MEGA_PORT0 = 0;
    000009C3 AF               [ 4] 1855 	xor	a, a
    000009C4 D3 8E            [11] 1856 	out	(_MEGA_PORT0), a
                                   1857 ;smram.c:904: *((uchar*)0x4000) = loadpage + page;
    000009C6 21r11r00         [10] 1858 	ld	hl, #_page
    000009C9 3Ar10r00         [13] 1859 	ld	a, (_loadpage+0)
    000009CC 86               [ 7] 1860 	add	a, (hl)
    000009CD 32 00 40         [13] 1861 	ld	(#0x4000), a
                                   1862 ;smram.c:905: b = MEGA_PORT0; (b);
    000009D0 DB 8E            [11] 1863 	in	a, (_MEGA_PORT0)
    000009D2 32r03r00         [13] 1864 	ld	(#_b), a
                                   1865 ;smram.c:906: memcpy((void*)0x4000, (void*)0x8000, 0x2000);
    000009D5 11 00 40         [10] 1866 	ld	de, #0x4000
    000009D8 21 00 80         [10] 1867 	ld	hl, #0x8000
    000009DB 01 00 20         [10] 1868 	ld	bc, #0x2000
    000009DE ED B0            [21] 1869 	ldir
    000009E0 18 BD            [12] 1870 	jr	00251$
    000009E2                       1871 00253$:
                                   1872 ;smram.c:908: MEGA_PORT0 = 0;
    000009E2 AF               [ 4] 1873 	xor	a, a
    000009E3 D3 8E            [11] 1874 	out	(_MEGA_PORT0), a
    000009E5                       1875 00258$:
                                   1876 ;smram.c:912: print_mapper_type();
    000009E5 CDr0Fr02         [17] 1877 	call	_print_mapper_type
                                   1878 ;smram.c:913: MEGA_PORT1 = megaram_type;
    000009E8 3Ar03r00         [13] 1879 	ld	a, (_megaram_type+0)
    000009EB D3 8F            [11] 1880 	out	(_MEGA_PORT1), a
                                   1881 ;smram.c:915: if (exitAfterLoad)
    000009ED 3Ar0Br00         [13] 1882 	ld	a, (_exitAfterLoad+0)
    000009F0 B7               [ 4] 1883 	or	a, a
    000009F1 28 1D            [12] 1884 	jr	z, 00260$
                                   1885 ;smram.c:920: enaslt(*((uchar*)RAMAD1), 0x4000);
    000009F3 3A 42 F3         [13] 1886 	ld	a, (#0xf342)
    000009F6 11 00 40         [10] 1887 	ld	de, #0x4000
    000009F9 CDr48r00         [17] 1888 	call	_enaslt
                                   1889 ;smram.c:921: enaslt(*((uchar*)RAMAD2), 0x8000);
    000009FC 3A 43 F3         [13] 1890 	ld	a, (#0xf343)
    000009FF 11 00 80         [10] 1891 	ld	de, #0x8000
    00000A02 CDr48r00         [17] 1892 	call	_enaslt
                                   1893 ;smram.c:922: printf("\n\rROM loaded; returning to DOS.\n\r");
    00000A05 21r16r0F         [10] 1894 	ld	hl, #___str_19
    00000A08 E5               [11] 1895 	push	hl
    00000A09 CDr00r00         [17] 1896 	call	_printf
    00000A0C F1               [10] 1897 	pop	af
                                   1898 ;smram.c:923: __asm jp 0x0000 __endasm;
    00000A0D C3 00 00         [10] 1899 	jp	0x0000 
    00000A10                       1900 00260$:
                                   1901 ;smram.c:927: startpage = (uchar)(romstart >> 14);
    00000A10 3Ar18r01         [13] 1902 	ld	a, (_romstart+1)
    00000A13 07               [ 4] 1903 	rlca
    00000A14 07               [ 4] 1904 	rlca
    00000A15 E6 03            [ 7] 1905 	and	a, #0x03
    00000A17 32r0Fr00         [13] 1906 	ld	(_startpage), a
                                   1907 ;smram.c:928: if (stepDebug && !breakpointAddressSpecified)
    00000A1A 3Ar0Cr00         [13] 1908 	ld	a, (_stepDebug+0)
    00000A1D B7               [ 4] 1909 	or	a, a
    00000A1E 28 0C            [12] 1910 	jr	z, 00262$
    00000A20 3Ar0Dr00         [13] 1911 	ld	a, (_breakpointAddressSpecified+0)
    00000A23 B7               [ 4] 1912 	or	a, a
    00000A24 20 06            [12] 1913 	jr	nz, 00262$
                                   1914 ;smram.c:929: breakpointAddress = romstart;
    00000A26 2Ar17r01         [16] 1915 	ld	hl, (_romstart)
    00000A29 22r19r01         [16] 1916 	ld	(_breakpointAddress), hl
    00000A2C                       1917 00262$:
                                   1918 ;smram.c:930: if (megaram_type == TYPE_LINEAR)
    00000A2C 3Ar03r00         [13] 1919 	ld	a, (_megaram_type)
    00000A2F D6 02            [ 7] 1920 	sub	a, #0x02
    00000A31 21r04r00         [10] 1921 	ld	hl, #_megaram_type + 1
    00000A34 B6               [ 7] 1922 	or	a, (hl)
    00000A35 20 2C            [12] 1923 	jr	nz, 00272$
                                   1924 ;smram.c:935: enaslt(*((uchar*)BASICSLT), 0x4000);
    00000A37 3A C2 FC         [13] 1925 	ld	a, (#0xfcc2)
    00000A3A 11 00 40         [10] 1926 	ld	de, #0x4000
    00000A3D CDr48r00         [17] 1927 	call	_enaslt
                                   1928 ;smram.c:936: if (startpage == 1)
    00000A40 3Ar0Fr00         [13] 1929 	ld	a, (_startpage)
    00000A43 3D               [ 4] 1930 	dec	a
    00000A44 20 0B            [12] 1931 	jr	nz, 00267$
                                   1932 ;smram.c:937: enaslt(sslt, 0x4000);
    00000A46 11 00 40         [10] 1933 	ld	de, #0x4000
    00000A49 3Ar02r00         [13] 1934 	ld	a, (_sslt)
    00000A4C CDr48r00         [17] 1935 	call	_enaslt
    00000A4F 18 2B            [12] 1936 	jr	00273$
    00000A51                       1937 00267$:
                                   1938 ;smram.c:938: else if (startpage == 2)
    00000A51 3Ar0Fr00         [13] 1939 	ld	a, (_startpage)
    00000A54 D6 02            [ 7] 1940 	sub	a, #0x02
    00000A56 20 24            [12] 1941 	jr	nz, 00273$
                                   1942 ;smram.c:939: enaslt(sslt, 0x8000);
    00000A58 11 00 80         [10] 1943 	ld	de, #0x8000
    00000A5B 3Ar02r00         [13] 1944 	ld	a, (_sslt)
    00000A5E CDr48r00         [17] 1945 	call	_enaslt
    00000A61 18 19            [12] 1946 	jr	00273$
    00000A63                       1947 00272$:
                                   1948 ;smram.c:943: enaslt(sslt, 0x4000);
    00000A63 11 00 40         [10] 1949 	ld	de, #0x4000
    00000A66 3Ar02r00         [13] 1950 	ld	a, (_sslt)
    00000A69 CDr48r00         [17] 1951 	call	_enaslt
                                   1952 ;smram.c:944: if (startpage >= 2)
    00000A6C 3Ar0Fr00         [13] 1953 	ld	a, (_startpage+0)
    00000A6F D6 02            [ 7] 1954 	sub	a, #0x02
    00000A71 38 09            [12] 1955 	jr	c, 00273$
                                   1956 ;smram.c:945: enaslt(sslt, 0x8000);
    00000A73 11 00 80         [10] 1957 	ld	de, #0x8000
    00000A76 3Ar02r00         [13] 1958 	ld	a, (_sslt)
    00000A79 CDr48r00         [17] 1959 	call	_enaslt
    00000A7C                       1960 00273$:
                                   1961 ;smram.c:947: printf("\n\r\n\rStart address: 0x%04x (page %d)\n\r", romstart, (int)startpage);
    00000A7C 3Ar0Fr00         [13] 1962 	ld	a, (_startpage)
    00000A7F 4F               [ 4] 1963 	ld	c, a
    00000A80 06 00            [ 7] 1964 	ld	b, #0x00
    00000A82 C5               [11] 1965 	push	bc
    00000A83 2Ar17r01         [16] 1966 	ld	hl, (_romstart)
    00000A86 E5               [11] 1967 	push	hl
    00000A87 21r38r0F         [10] 1968 	ld	hl, #___str_20
    00000A8A E5               [11] 1969 	push	hl
    00000A8B CDr00r00         [17] 1970 	call	_printf
    00000A8E F1               [10] 1971 	pop	af
    00000A8F F1               [10] 1972 	pop	af
    00000A90 F1               [10] 1973 	pop	af
                                   1974 ;smram.c:949: switch(megaram_type)
    00000A91 3Ar03r00         [13] 1975 	ld	a, (_megaram_type)
    00000A94 D6 04            [ 7] 1976 	sub	a, #0x04
    00000A96 FD 21r03r00      [14] 1977 	ld	iy, #_megaram_type
    00000A9A FD B6 01         [19] 1978 	or	a, 1 (iy)
    00000A9D 28 20            [12] 1979 	jr	z, 00275$
    00000A9F 3Ar03r00         [13] 1980 	ld	a, (_megaram_type+0)
    00000AA2 D6 05            [ 7] 1981 	sub	a, #0x05
    00000AA4 FD B6 01         [19] 1982 	or	a, 1 (iy)
    00000AA7 28 16            [12] 1983 	jr	z, 00275$
    00000AA9 3Ar03r00         [13] 1984 	ld	a, (_megaram_type+0)
    00000AAC D6 08            [ 7] 1985 	sub	a, #0x08
    00000AAE FD B6 01         [19] 1986 	or	a, 1 (iy)
    00000AB1 28 38            [12] 1987 	jr	z, 00281$
    00000AB3 3Ar03r00         [13] 1988 	ld	a, (_megaram_type+0)
    00000AB6 D6 16            [ 7] 1989 	sub	a, #0x16
    00000AB8 FD B6 01         [19] 1990 	or	a, 1 (iy)
    00000ABB 28 1C            [12] 1991 	jr	z, 00278$
    00000ABD 18 44            [12] 1992 	jr	00285$
                                   1993 ;smram.c:952: case TYPE_K5:
    00000ABF                       1994 00275$:
                                   1995 ;smram.c:953: *((uchar *)0x4000) = 0;
    00000ABF 21 00 40         [10] 1996 	ld	hl, #0x4000
    00000AC2 36 00            [10] 1997 	ld	(hl), #0x00
                                   1998 ;smram.c:954: *((uchar *)0x6000) = 1;
    00000AC4 26 60            [ 7] 1999 	ld	h, #0x60
    00000AC6 36 01            [10] 2000 	ld	(hl), #0x01
                                   2001 ;smram.c:955: if (startpage >= 2)
    00000AC8 3Ar0Fr00         [13] 2002 	ld	a, (_startpage+0)
    00000ACB D6 02            [ 7] 2003 	sub	a, #0x02
    00000ACD 38 34            [12] 2004 	jr	c, 00285$
                                   2005 ;smram.c:957: *((uchar *)0x8000) = 0;
    00000ACF 26 80            [ 7] 2006 	ld	h, #0x80
    00000AD1 36 00            [10] 2007 	ld	(hl), #0x00
                                   2008 ;smram.c:958: *((uchar *)0xA000) = 1;
    00000AD3 26 A0            [ 7] 2009 	ld	h, #0xa0
    00000AD5 36 01            [10] 2010 	ld	(hl), #0x01
                                   2011 ;smram.c:960: break;
    00000AD7 18 2A            [12] 2012 	jr	00285$
                                   2013 ;smram.c:961: case TYPE_A16:
    00000AD9                       2014 00278$:
                                   2015 ;smram.c:962: *((uchar *)0x6000) = 0;
    00000AD9 21 00 60         [10] 2016 	ld	hl, #0x6000
    00000ADC 36 00            [10] 2017 	ld	(hl), #0x00
                                   2018 ;smram.c:963: if (startpage >= 2)
    00000ADE 3Ar0Fr00         [13] 2019 	ld	a, (_startpage+0)
    00000AE1 D6 02            [ 7] 2020 	sub	a, #0x02
    00000AE3 38 1E            [12] 2021 	jr	c, 00285$
                                   2022 ;smram.c:964: *((uchar *)0x8000) = 0;
    00000AE5 26 80            [ 7] 2023 	ld	h, #0x80
    00000AE7 36 00            [10] 2024 	ld	(hl), #0x00
                                   2025 ;smram.c:965: break;
    00000AE9 18 18            [12] 2026 	jr	00285$
                                   2027 ;smram.c:966: case TYPE_A8:
    00000AEB                       2028 00281$:
                                   2029 ;smram.c:967: *((uchar *)0x6000) = 0;
    00000AEB 21 00 60         [10] 2030 	ld	hl, #0x6000
    00000AEE 36 00            [10] 2031 	ld	(hl), #0x00
                                   2032 ;smram.c:968: *((uchar *)0x6800) = 1;
    00000AF0 26 68            [ 7] 2033 	ld	h, #0x68
    00000AF2 36 01            [10] 2034 	ld	(hl), #0x01
                                   2035 ;smram.c:969: if (startpage >= 2)
    00000AF4 3Ar0Fr00         [13] 2036 	ld	a, (_startpage+0)
    00000AF7 D6 02            [ 7] 2037 	sub	a, #0x02
    00000AF9 38 08            [12] 2038 	jr	c, 00285$
                                   2039 ;smram.c:971: *((uchar *)0x7000) = 0;
    00000AFB 26 70            [ 7] 2040 	ld	h, #0x70
    00000AFD 36 00            [10] 2041 	ld	(hl), #0x00
                                   2042 ;smram.c:972: *((uchar *)0x7800) = 1;
    00000AFF 26 78            [ 7] 2043 	ld	h, #0x78
    00000B01 36 01            [10] 2044 	ld	(hl), #0x01
                                   2045 ;smram.c:977: }
    00000B03                       2046 00285$:
                                   2047 ;smram.c:979: if (cpumode != 0)
    00000B03 3Ar0Er00         [13] 2048 	ld	a, (_cpumode+0)
    00000B06 B7               [ 4] 2049 	or	a, a
    00000B07 28 14            [12] 2050 	jr	z, 00287$
                                   2051 ;smram.c:980: chgcpu(cpumode == 1 ? Z80_ROM : cpumode == 2 ? R800_ROM : R800_DRAM);
    00000B09 3Ar0Er00         [13] 2052 	ld	a, (_cpumode)
    00000B0C 3D               [ 4] 2053 	dec	a
    00000B0D 28 0B            [12] 2054 	jr	z, 00317$
    00000B0F 3Ar0Er00         [13] 2055 	ld	a, (_cpumode)
    00000B12 D6 02            [ 7] 2056 	sub	a, #0x02
    00000B14 3E 81            [ 7] 2057 	ld	a, #0x81
    00000B16 28 02            [12] 2058 	jr	z, 00319$
    00000B18 3E 82            [ 7] 2059 	ld	a, #0x82
    00000B1A                       2060 00319$:
    00000B1A                       2061 00317$:
    00000B1A CDr67r00         [17] 2062 	call	_chgcpu
    00000B1D                       2063 00287$:
                                   2064 ;smram.c:982: if (softReset == FALSE)
    00000B1D 3Ar07r00         [13] 2065 	ld	a, (_softReset+0)
    00000B20 B7               [ 4] 2066 	or	a, a
    00000B21 C2rC0r0B         [10] 2067 	jp	nz, 00300$
                                   2068 ;smram.c:984: if (megaram_type == TYPE_LINEAR && startpage == 0)
    00000B24 3Ar03r00         [13] 2069 	ld	a, (_megaram_type)
    00000B27 D6 02            [ 7] 2070 	sub	a, #0x02
    00000B29 21r04r00         [10] 2071 	ld	hl, #_megaram_type + 1
    00000B2C B6               [ 7] 2072 	or	a, (hl)
    00000B2D 3E 01            [ 7] 2073 	ld	a, #0x01
    00000B2F 28 01            [12] 2074 	jr	z, 01316$
    00000B31 AF               [ 4] 2075 	xor	a, a
    00000B32                       2076 01316$:
    00000B32 4F               [ 4] 2077 	ld	c, a
    00000B33 B7               [ 4] 2078 	or	a, a
    00000B34 28 20            [12] 2079 	jr	z, 00296$
    00000B36 3Ar0Fr00         [13] 2080 	ld	a, (_startpage+0)
    00000B39 B7               [ 4] 2081 	or	a, a
    00000B3A 20 1A            [12] 2082 	jr	nz, 00296$
                                   2083 ;smram.c:985: memcpy((void*)0xC000, &runROM_page0, ((uint)&runROM_page0_end - (uint)&runROM_page0));
    00000B3C 21r20r01         [10] 2084 	ld	hl, #_runROM_page0
    00000B3F 01r57r01         [10] 2085 	ld	bc, #_runROM_page0_end
    00000B42 11r20r01         [10] 2086 	ld	de, #_runROM_page0
    00000B45 79               [ 4] 2087 	ld	a, c
    00000B46 93               [ 4] 2088 	sub	a, e
    00000B47 4F               [ 4] 2089 	ld	c, a
    00000B48 78               [ 4] 2090 	ld	a, b
    00000B49 9A               [ 4] 2091 	sbc	a, d
    00000B4A 47               [ 4] 2092 	ld	b, a
    00000B4B 11 00 C0         [10] 2093 	ld	de, #0xc000
    00000B4E 78               [ 4] 2094 	ld	a, b
    00000B4F B1               [ 4] 2095 	or	a, c
    00000B50 28 68            [12] 2096 	jr	z, 00297$
    00000B52 ED B0            [21] 2097 	ldir
    00000B54 18 64            [12] 2098 	jr	00297$
    00000B56                       2099 00296$:
                                   2100 ;smram.c:986: else if (megaram_type == TYPE_LINEAR && startpage == 3)
    00000B56 79               [ 4] 2101 	ld	a, c
    00000B57 B7               [ 4] 2102 	or	a, a
    00000B58 28 27            [12] 2103 	jr	z, 00292$
    00000B5A 3Ar0Fr00         [13] 2104 	ld	a, (_startpage)
    00000B5D D6 03            [ 7] 2105 	sub	a, #0x03
    00000B5F 20 20            [12] 2106 	jr	nz, 00292$
                                   2107 ;smram.c:988: memcpy((void*)0x8000, &runROM_page3, ((uint)&runROM_page3_end - (uint)&runROM_page3));
    00000B61 21r9Fr01         [10] 2108 	ld	hl, #_runROM_page3
    00000B64 01rDDr01         [10] 2109 	ld	bc, #_runROM_page3_end
    00000B67 11r9Fr01         [10] 2110 	ld	de, #_runROM_page3
    00000B6A 79               [ 4] 2111 	ld	a, c
    00000B6B 93               [ 4] 2112 	sub	a, e
    00000B6C 4F               [ 4] 2113 	ld	c, a
    00000B6D 78               [ 4] 2114 	ld	a, b
    00000B6E 9A               [ 4] 2115 	sbc	a, d
    00000B6F 47               [ 4] 2116 	ld	b, a
    00000B70 11 00 80         [10] 2117 	ld	de, #0x8000
    00000B73 78               [ 4] 2118 	ld	a, b
    00000B74 B1               [ 4] 2119 	or	a, c
    00000B75 28 02            [12] 2120 	jr	z, 01320$
    00000B77 ED B0            [21] 2121 	ldir
    00000B79                       2122 01320$:
                                   2123 ;smram.c:989: jump(0x8000);
    00000B79 21 00 80         [10] 2124 	ld	hl, #0x8000
    00000B7C CDrD3r00         [17] 2125 	call	_jump
    00000B7F 18 39            [12] 2126 	jr	00297$
    00000B81                       2127 00292$:
                                   2128 ;smram.c:991: else if (startpage >= 2)
    00000B81 3Ar0Fr00         [13] 2129 	ld	a, (_startpage+0)
    00000B84 D6 02            [ 7] 2130 	sub	a, #0x02
    00000B86 38 1A            [12] 2131 	jr	c, 00289$
                                   2132 ;smram.c:992: memcpy((void*)0xC000, &runROM_page2, ((uint)&runROM_page2_end - (uint)&runROM_page2));
    00000B88 21r57r01         [10] 2133 	ld	hl, #_runROM_page2
    00000B8B 01r9Fr01         [10] 2134 	ld	bc, #_runROM_page2_end
    00000B8E 11r57r01         [10] 2135 	ld	de, #_runROM_page2
    00000B91 79               [ 4] 2136 	ld	a, c
    00000B92 93               [ 4] 2137 	sub	a, e
    00000B93 4F               [ 4] 2138 	ld	c, a
    00000B94 78               [ 4] 2139 	ld	a, b
    00000B95 9A               [ 4] 2140 	sbc	a, d
    00000B96 47               [ 4] 2141 	ld	b, a
    00000B97 11 00 C0         [10] 2142 	ld	de, #0xc000
    00000B9A 78               [ 4] 2143 	ld	a, b
    00000B9B B1               [ 4] 2144 	or	a, c
    00000B9C 28 1C            [12] 2145 	jr	z, 00297$
    00000B9E ED B0            [21] 2146 	ldir
    00000BA0 18 18            [12] 2147 	jr	00297$
    00000BA2                       2148 00289$:
                                   2149 ;smram.c:994: memcpy((void*)0xC000, &runROM_page1, ((uint)&runROM_page1_end - (uint)&runROM_page1));
    00000BA2 21rD8r00         [10] 2150 	ld	hl, #_runROM_page1
    00000BA5 01r20r01         [10] 2151 	ld	bc, #_runROM_page1_end
    00000BA8 11rD8r00         [10] 2152 	ld	de, #_runROM_page1
    00000BAB 79               [ 4] 2153 	ld	a, c
    00000BAC 93               [ 4] 2154 	sub	a, e
    00000BAD 4F               [ 4] 2155 	ld	c, a
    00000BAE 78               [ 4] 2156 	ld	a, b
    00000BAF 9A               [ 4] 2157 	sbc	a, d
    00000BB0 47               [ 4] 2158 	ld	b, a
    00000BB1 11 00 C0         [10] 2159 	ld	de, #0xc000
    00000BB4 78               [ 4] 2160 	ld	a, b
    00000BB5 B1               [ 4] 2161 	or	a, c
    00000BB6 28 02            [12] 2162 	jr	z, 01322$
    00000BB8 ED B0            [21] 2163 	ldir
    00000BBA                       2164 01322$:
    00000BBA                       2165 00297$:
                                   2166 ;smram.c:996: jump(0xC000);
    00000BBA 21 00 C0         [10] 2167 	ld	hl, #0xc000
    00000BBD CDrD3r00         [17] 2168 	call	_jump
    00000BC0                       2169 00300$:
                                   2170 ;smram.c:999: memcpy((void*)0xC000, &runROM_Reset, ((uint)&runROM_Reset_end - (uint)&runROM_Reset));
    00000BC0 21rDDr01         [10] 2171 	ld	hl, #_runROM_Reset
    00000BC3 01r0Fr02         [10] 2172 	ld	bc, #_runROM_Reset_end
    00000BC6 11rDDr01         [10] 2173 	ld	de, #_runROM_Reset
    00000BC9 79               [ 4] 2174 	ld	a, c
    00000BCA 93               [ 4] 2175 	sub	a, e
    00000BCB 4F               [ 4] 2176 	ld	c, a
    00000BCC 78               [ 4] 2177 	ld	a, b
    00000BCD 9A               [ 4] 2178 	sbc	a, d
    00000BCE 47               [ 4] 2179 	ld	b, a
    00000BCF 11 00 C0         [10] 2180 	ld	de, #0xc000
    00000BD2 78               [ 4] 2181 	ld	a, b
    00000BD3 B1               [ 4] 2182 	or	a, c
    00000BD4 28 02            [12] 2183 	jr	z, 01323$
    00000BD6 ED B0            [21] 2184 	ldir
    00000BD8                       2185 01323$:
                                   2186 ;smram.c:1000: jump(0xC000);
    00000BD8 21 00 C0         [10] 2187 	ld	hl, #0xc000
    00000BDB CDrD3r00         [17] 2188 	call	_jump
                                   2189 ;smram.c:1002: return 1; // make sdcc happy
    00000BDE 11 01 00         [10] 2190 	ld	de, #0x0001
                                   2191 ;smram.c:1003: }
    00000BE1 C9               [10] 2192 	ret
    00000BE2                       2193 ___str_8:
    00000BE2 57 6F 6E 64 65 72 54  2194 	.ascii "WonderTANG! uSD Driver"
             41 4E 47 21 20 75 53
             44 20 44 72 69 76 65
             72
    00000BF8 00                    2195 	.db 0x00
    00000BF9                       2196 ___str_9:
    00000BF9 57 6F 6E 64 65 72 54  2197 	.ascii "WonderTANG! Super MegaRAM SCC"
             41 4E 47 21 20 53 75
             70 65 72 20 4D 65 67
             61 52 41 4D 20 53 43
             43
    00000C16 0A                    2198 	.db 0x0a
    00000C17 0D                    2199 	.db 0x0d
    00000C18 00                    2200 	.db 0x00
    00000C19                       2201 ___str_10:
    00000C19 76 33 2E 30 31 20 28  2202 	.ascii "v3.01 (new-juice)"
             6E 65 77 2D 6A 75 69
             63 65 29
    00000C2A 0A                    2203 	.db 0x0a
    00000C2B 0D                    2204 	.db 0x0d
    00000C2C 00                    2205 	.db 0x00
    00000C2D                       2206 ___str_11:
    00000C2D 45 52 52 4F 52 3A 20  2207 	.ascii "ERROR: WonderTANG! not found..."
             57 6F 6E 64 65 72 54
             41 4E 47 21 20 6E 6F
             74 20 66 6F 75 6E 64
             2E 2E 2E
    00000C4C 0A                    2208 	.db 0x0a
    00000C4D 0D                    2209 	.db 0x0d
    00000C4E 00                    2210 	.db 0x00
    00000C4F                       2211 ___str_12:
    00000C4F 0A                    2212 	.db 0x0a
    00000C50 0D                    2213 	.db 0x0d
    00000C51 55 53 41 47 45 3A 20  2214 	.ascii "USAGE: SMRAM [/Rx /L /W /X /Zx /Y] [romfile]"
             53 4D 52 41 4D 20 5B
             2F 52 78 20 2F 4C 20
             2F 57 20 2F 58 20 2F
             5A 78 20 2F 59 5D 20
             5B 72 6F 6D 66 69 6C
             65 5D
    00000C7D 0A                    2215 	.db 0x0a
    00000C7E 0D                    2216 	.db 0x0d
    00000C7F 0A                    2217 	.db 0x0a
    00000C80 0D                    2218 	.db 0x0d
    00000C81 20 2F 52 78 3A 20 53  2219 	.ascii " /Rx: Set MegaROM type"
             65 74 20 4D 65 67 61
             52 4F 4D 20 74 79 70
             65
    00000C97 0A                    2220 	.db 0x0a
    00000C98 0D                    2221 	.db 0x0d
    00000C99 20 20 20 30 3A 20 4D  2222 	.ascii "   0: Megaram SCC (default)"
             65 67 61 72 61 6D 20
             53 43 43 20 28 64 65
             66 61 75 6C 74 29
    00000CB4 0A                    2223 	.db 0x0a
    00000CB5 0D                    2224 	.db 0x0d
    00000CB6 20 20 20 31 3A 20 41  2225 	.ascii "   1: ASCII16     (/A16)"
             53 43 49 49 31 36 20
             20 20 20 20 28 2F 41
             31 36 29
    00000CCE 0A                    2226 	.db 0x0a
    00000CCF 0D                    2227 	.db 0x0d
    00000CD0 20 20 20 32 3A 20 4C  2228 	.ascii "   2: LINEAR      (/L)"
             49 4E 45 41 52 20 20
             20 20 20 20 28 2F 4C
             29
    00000CE6 0A                    2229 	.db 0x0a
    00000CE7 0D                    2230 	.db 0x0d
    00000CE8 20 20 20 33 3A 20 41  2231 	.ascii "   3: ASCII8      (/A8)"
             53 43 49 49 38 20 20
             20 20 20 20 28 2F 41
             38 29
    00000CFF 0A                    2232 	.db 0x0a
    00000D00 0D                    2233 	.db 0x0d
    00000D01 20 20 20 35 3A 20 4B  2234 	.ascii "   5: Konami SCC  (/K5)"
             6F 6E 61 6D 69 20 53
             43 43 20 20 28 2F 4B
             35 29
    00000D18 0A                    2235 	.db 0x0a
    00000D19 0D                    2236 	.db 0x0d
    00000D1A 20 20 20 36 3A 20 4B  2237 	.ascii "   6: Konami      (/K4)"
             6F 6E 61 6D 69 20 20
             20 20 20 20 28 2F 4B
             34 29
    00000D31 0A                    2238 	.db 0x0a
    00000D32 0D                    2239 	.db 0x0d
    00000D33 0A                    2240 	.db 0x0a
    00000D34 0D                    2241 	.db 0x0d
    00000D35 20 2F 44 3A 20 53 65  2242 	.ascii " /D: Set MegaRAM DDX type"
             74 20 4D 65 67 61 52
             41 4D 20 44 44 58 20
             74 79 70 65
    00000D4E 0A                    2243 	.db 0x0a
    00000D4F 0D                    2244 	.db 0x0d
    00000D50 20 2F 4C 3A 20 53 65  2245 	.ascii " /L: Set LINEAR type (automatic for ROMs <=64KB)"
             74 20 4C 49 4E 45 41
             52 20 74 79 70 65 20
             28 61 75 74 6F 6D 61
             74 69 63 20 66 6F 72
             20 52 4F 4D 73 20 3C
             3D 36 34 4B 42 29
    00000D80 0A                    2246 	.db 0x0a
    00000D81 0D                    2247 	.db 0x0d
    00000D82 20 2F 53 3A 20 53 6F  2248 	.ascii " /S: Soft reset"
             66 74 20 72 65 73 65
             74
    00000D91 0A                    2249 	.db 0x0a
    00000D92 0D                    2250 	.db 0x0d
    00000D93 20 2F 57 78 78 78 78  2251 	.ascii " /Wxxxx: Break on M1 at hex address xxxx"
             3A 20 42 72 65 61 6B
             20 6F 6E 20 4D 31 20
             61 74 20 68 65 78 20
             61 64 64 72 65 73 73
             20 78 78 78 78
    00000DBB 0A                    2252 	.db 0x0a
    00000DBC 0D                    2253 	.db 0x0d
    00000DBD 20 20 20 20 20 20 20  2254 	.ascii "          (/W defaults to ROM start)"
             20 20 20 28 2F 57 20
             64 65 66 61 75 6C 74
             73 20 74 6F 20 52 4F
             4D 20 73 74 61 72 74
             29
    00000DE1 0A                    2255 	.db 0x0a
    00000DE2 0D                    2256 	.db 0x0d
    00000DE3 20 2F 58 3A 20 4C 6F  2257 	.ascii " /X: Load ROM, set mapper, and return to DOS"
             61 64 20 52 4F 4D 2C
             20 73 65 74 20 6D 61
             70 70 65 72 2C 20 61
             6E 64 20 72 65 74 75
             72 6E 20 74 6F 20 44
             4F 53
    00000E0F 0A                    2258 	.db 0x0a
    00000E10 0D                    2259 	.db 0x0d
    00000E11 20 2F 5A 78 3A 20 53  2260 	.ascii " /Zx: Set cpu mode"
             65 74 20 63 70 75 20
             6D 6F 64 65
    00000E23 0A                    2261 	.db 0x0a
    00000E24 0D                    2262 	.db 0x0d
    00000E25 20 20 20 30 3A 20 63  2263 	.ascii "   0: current"
             75 72 72 65 6E 74
    00000E32 0A                    2264 	.db 0x0a
    00000E33 0D                    2265 	.db 0x0d
    00000E34 20 20 20 31 3A 20 5A  2266 	.ascii "   1: Z80"
             38 30
    00000E3D 0A                    2267 	.db 0x0a
    00000E3E 0D                    2268 	.db 0x0d
    00000E3F 20 20 20 32 3A 20 52  2269 	.ascii "   2: R800 ROM"
             38 30 30 20 52 4F 4D
    00000E4D 0A                    2270 	.db 0x0a
    00000E4E 0D                    2271 	.db 0x0d
    00000E4F 20 20 20 33 3A 20 52  2272 	.ascii "   3: R800 DRAM"
             38 30 30 20 44 52 41
             4D
    00000E5E 0A                    2273 	.db 0x0a
    00000E5F 0D                    2274 	.db 0x0d
    00000E60 0A                    2275 	.db 0x0a
    00000E61 0D                    2276 	.db 0x0d
    00000E62 20 2F 59 3A 20 20 50  2277 	.ascii " /Y:  Preserve AB header"
             72 65 73 65 72 76 65
             20 41 42 20 68 65 61
             64 65 72
    00000E7A 0A                    2278 	.db 0x0a
    00000E7B 0D                    2279 	.db 0x0d
    00000E7C 0A                    2280 	.db 0x0a
    00000E7D 0D                    2281 	.db 0x0d
    00000E7E 00                    2282 	.db 0x00
    00000E7F                       2283 ___str_13:
    00000E7F 4C 6F 61 64 69 6E 67  2284 	.ascii "Loading ROM file: %s - "
             20 52 4F 4D 20 66 69
             6C 65 3A 20 25 73 20
             2D 20
    00000E96 00                    2285 	.db 0x00
    00000E97                       2286 ___str_14:
    00000E97 25 30 34 64 4B 42     2287 	.ascii "%04dKB"
    00000E9D 00                    2288 	.db 0x00
    00000E9E                       2289 ___str_15:
    00000E9E 08                    2290 	.db 0x08
    00000E9F 08                    2291 	.db 0x08
    00000EA0 08                    2292 	.db 0x08
    00000EA1 08                    2293 	.db 0x08
    00000EA2 08                    2294 	.db 0x08
    00000EA3 08                    2295 	.db 0x08
    00000EA4 25 30 34 64 4B 42     2296 	.ascii "%04dKB"
    00000EAA 00                    2297 	.db 0x00
    00000EAB                       2298 ___str_16:
    00000EAB 45 52 52 4F 52 3A 20  2299 	.ascii "ERROR: Failed loading %s"
             46 61 69 6C 65 64 20
             6C 6F 61 64 69 6E 67
             20 25 73
    00000EC3 0A                    2300 	.db 0x0a
    00000EC4 0D                    2301 	.db 0x0d
    00000EC5 00                    2302 	.db 0x00
    00000EC6                       2303 ___str_17:
    00000EC6 45 52 52 4F 52 3A 20  2304 	.ascii "ERROR: LINEAR ROM has no AB header"
             4C 49 4E 45 41 52 20
             52 4F 4D 20 68 61 73
             20 6E 6F 20 41 42 20
             68 65 61 64 65 72
    00000EE8 0A                    2305 	.db 0x0a
    00000EE9 0D                    2306 	.db 0x0d
    00000EEA 00                    2307 	.db 0x00
    00000EEB                       2308 ___str_18:
    00000EEB 45 52 52 4F 52 3A 20  2309 	.ascii "ERROR: LINEAR ROM does not fit at 0x%04x"
             4C 49 4E 45 41 52 20
             52 4F 4D 20 64 6F 65
             73 20 6E 6F 74 20 66
             69 74 20 61 74 20 30
             78 25 30 34 78
    00000F13 0A                    2310 	.db 0x0a
    00000F14 0D                    2311 	.db 0x0d
    00000F15 00                    2312 	.db 0x00
    00000F16                       2313 ___str_19:
    00000F16 0A                    2314 	.db 0x0a
    00000F17 0D                    2315 	.db 0x0d
    00000F18 52 4F 4D 20 6C 6F 61  2316 	.ascii "ROM loaded; returning to DOS."
             64 65 64 3B 20 72 65
             74 75 72 6E 69 6E 67
             20 74 6F 20 44 4F 53
             2E
    00000F35 0A                    2317 	.db 0x0a
    00000F36 0D                    2318 	.db 0x0d
    00000F37 00                    2319 	.db 0x00
    00000F38                       2320 ___str_20:
    00000F38 0A                    2321 	.db 0x0a
    00000F39 0D                    2322 	.db 0x0d
    00000F3A 0A                    2323 	.db 0x0a
    00000F3B 0D                    2324 	.db 0x0d
    00000F3C 53 74 61 72 74 20 61  2325 	.ascii "Start address: 0x%04x (page %d)"
             64 64 72 65 73 73 3A
             20 30 78 25 30 34 78
             20 28 70 61 67 65 20
             25 64 29
    00000F5B 0A                    2326 	.db 0x0a
    00000F5C 0D                    2327 	.db 0x0d
    00000F5D 00                    2328 	.db 0x00
                                   2329 	.area _CODE
                                   2330 	.area _INITIALIZER
    00000000                       2331 __xinit__found:
    00000000 00                    2332 	.db #0x00	; 0
    00000001                       2333 __xinit__filename:
    00000001 00 00                 2334 	.dw #0x0000
    00000003                       2335 __xinit__megaram_type:
    00000003 00 00                 2336 	.dw #0x0000
    00000005                       2337 __xinit__paramlen:
    00000005 00                    2338 	.db #0x00	; 0
    00000006                       2339 __xinit__presAB:
    00000006 00                    2340 	.db #0x00	; 0
    00000007                       2341 __xinit__softReset:
    00000007 00                    2342 	.db #0x00	; 0
    00000008                       2343 __xinit__mapperSpecified:
    00000008 00                    2344 	.db #0x00	; 0
    00000009                       2345 __xinit__headerValid:
    00000009 00                    2346 	.db #0x00	; 0
    0000000A                       2347 __xinit__linearHeaderValid:
    0000000A 00                    2348 	.db #0x00	; 0
    0000000B                       2349 __xinit__exitAfterLoad:
    0000000B 00                    2350 	.db #0x00	; 0
    0000000C                       2351 __xinit__stepDebug:
    0000000C 00                    2352 	.db #0x00	; 0
    0000000D                       2353 __xinit__breakpointAddressSpecified:
    0000000D 00                    2354 	.db #0x00	; 0
    0000000E                       2355 __xinit__cpumode:
    0000000E 01                    2356 	.db #0x01	; 1
    0000000F                       2357 __xinit__startpage:
    0000000F 01                    2358 	.db #0x01	; 1
    00000010                       2359 __xinit__loadpage:
    00000010 00                    2360 	.db #0x00	; 0
    00000011                       2361 __xinit__help:
    00000011 00                    2362 	.db #0x00	; 0
    00000012                       2363 __xinit__scc_vol:
    00000012 09                    2364 	.db #0x09	; 9
    00000013                       2365 __xinit__psg_vol:
    00000013 09                    2366 	.db #0x09	; 9
    00000014                       2367 __xinit__opll_vol:
    00000014 09                    2368 	.db #0x09	; 9
                                   2369 	.area _CABS (ABS)
